businessinsider.com,LEFT-CENTER,MOSTLY-FACTUAL
reuters.com,CENTER,VERY-HIGH
newsweek.com,RIGHT-CENTER,MOSTLY-FACTUAL
cnn.com,LEFT,MOSTLY-FACTUAL
theguardian.com,LEFT-CENTER,MIXED
apnews.com,LEFT-CENTER,HIGH
thehill.com,CENTER,MOSTLY-FACTUAL
independent.co.uk,CENTER,HIGH
nbcnews.com,LEFT-CENTER,HIGH
washingtonpost.com,LEFT-CENTER,MOSTLY-FACTUAL
cnbc.com,LEFT-CENTER,MOSTLY-FACTUAL
cbsnews.com,LEFT-CENTER,HIGH
foxnews.com,RIGHT,MIXED
nytimes.com,LEFT-CENTER,HIGH
thedailybeast.com,LEFT,MIXED
bbc.com,LEFT-CENTER,HIGH
salon.com,LEFT,MIXED
pravda.com.ua,LEFT-CENTER,MOSTLY-FACTUAL
nypost.com,RIGHT-CENTER,MIXED
abcnews.go.com,LEFT-CENTER,HIGH
rollingstone.com,LEFT,HIGH
commondreams.org,LEFT,HIGH
lgbtqnation.com,LEFT,MOSTLY-FACTUAL
news.sky.com,CENTER,HIGH
msn.com,LEFT-CENTER,HIGH
breitbart.com,RIGHT,MIXED
politico.com,LEFT-CENTER,HIGH
vice.com,LEFT-CENTER,MOSTLY-FACTUAL
dailymail.co.uk,RIGHT,LOW
axios.com,LEFT-CENTER,HIGH
bloomberg.com,LEFT-CENTER,MOSTLY-FACTUAL
npr.org,LEFT-CENTER,HIGH
news.yahoo.com,LEFT-CENTER,HIGH
jpost.com,RIGHT-CENTER,MOSTLY-FACTUAL
msnbc.com,LEFT,MIXED
vanityfair.com,LEFT,MOSTLY-FACTUAL
dailywire.com,RIGHT,MIXED
yahoo.com,LEFT-CENTER,HIGH
newrepublic.com,LEFT,HIGH
aljazeera.com,LEFT-CENTER,MIXED
cbc.ca,LEFT-CENTER,HIGH
timesofisrael.com,LEFT-CENTER,HIGH
tampafp.com,RIGHT,MIXED
ndtv.com,CENTER,HIGH
abc.net.au,LEFT-CENTER,HIGH
euronews.com,LEFT-CENTER,HIGH
france24.com,CENTER,HIGH
dw.com,CENTER,HIGH
mirror.co.uk,LEFT-CENTER,MIXED
usatoday.com,LEFT-CENTER,MOSTLY-FACTUAL
motherjones.com,LEFT-CENTER,HIGH
themoscowtimes.com,LEFT-CENTER,HIGH
truthout.org,LEFT,MIXED
telegraph.co.uk,CENTER,HIGH
dailycaller.com,RIGHT,MIXED
theblaze.com,RIGHT,MIXED
texastribune.org,LEFT-CENTER,HIGH
townhall.com,RIGHT,MIXED
notthebee.com,RIGHT,HIGH
metro.co.uk,LEFT-CENTER,MIXED
politico.eu,LEFT-CENTER,HIGH
forbes.com,RIGHT-CENTER,MOSTLY-FACTUAL
globalnews.ca,LEFT-CENTER,HIGH
slate.com,LEFT,MOSTLY-FACTUAL
talkingpointsmemo.com,LEFT,MOSTLY-FACTUAL
foxbusiness.com,RIGHT-CENTER,MOSTLY-FACTUAL
english.alarabiya.net,RIGHT-CENTER,MIXED
latimes.com,LEFT-CENTER,HIGH
theatlantic.com,LEFT-CENTER,HIGH
ibtimes.com,LEFT-CENTER,MIXED
ctvnews.ca,CENTER,HIGH
usnews.com,LEFT-CENTER,HIGH
euroweeklynews.com,LEFT-CENTER,MOSTLY-FACTUAL
chron.com,LEFT-CENTER,HIGH
nationalpost.com,RIGHT-CENTER,HIGH
twitchy.com,RIGHT,MIXED
scmp.com,LEFT-CENTER,MIXED
nationalreview.com,RIGHT,MOSTLY-FACTUAL
hotair.com,RIGHT,MOSTLY-FACTUAL
thefederalist.com,RIGHT,MIXED
reason.com,RIGHT-CENTER,HIGH
babylonbee.com,RIGHT,UNKNOWN
hindustantimes.com,LEFT-CENTER,MIXED
insider.com,LEFT-CENTER,MOSTLY-FACTUAL
news.com.au,RIGHT-CENTER,MIXED
esquire.com,LEFT,MIXED
westernjournal.com,FAR-RIGHT,VERY-LOW
deadline.com,LEFT-CENTER,HIGH
pbs.org,LEFT-CENTER,HIGH
abc7.com,CENTER,HIGH
pjmedia.com,RIGHT,MIXED
nymag.com,LEFT,HIGH
fortune.com,RIGHT-CENTER,HIGH
rferl.org,CENTER,MOSTLY-FACTUAL
time.com,LEFT-CENTER,HIGH
wsj.com,RIGHT-CENTER,MOSTLY-FACTUAL
theweek.com,LEFT,HIGH
washingtontimes.com,RIGHT-CENTER,MIXED
vox.com,LEFT,HIGH
marketwatch.com,RIGHT-CENTER,HIGH
theintercept.com,LEFT,MOSTLY-FACTUAL
yle.fi,CENTER,MOSTLY-FACTUAL
theglobeandmail.com,RIGHT-CENTER,HIGH
sfgate.com,LEFT-CENTER,HIGH
english.kyodonews.net,CENTER,HIGH
people.com,LEFT,HIGH
newsmax.com,RIGHT,LOW
express.co.uk,RIGHT,MIXED
timcast.com,RIGHT,MIXED
thenation.com,LEFT,HIGH
theepochtimes.com,RIGHT,MIXED
buzzfeednews.com,LEFT-CENTER,MOSTLY-FACTUAL
arstechnica.com,CENTER,HIGH
kyivindependent.com,LEFT-CENTER,HIGH
aa.com.tr,RIGHT,MIXED
wfla.com,CENTER,HIGH
miamiherald.com,LEFT-CENTER,HIGH
justthenews.com,FAR-RIGHT,MIXED
nzherald.co.nz,CENTER,HIGH
nydailynews.com,LEFT-CENTER,HIGH
abc13.com,LEFT-CENTER,HIGH
rawstory.com,LEFT,HIGH
inews.co.uk,LEFT-CENTER,HIGH
mlive.com,CENTER,HIGH
inquirer.com,LEFT-CENTER,HIGH
swissinfo.ch,LEFT-CENTER,HIGH
thebulwark.com,RIGHT-CENTER,HIGH
business-standard.com,RIGHT-CENTER,MOSTLY-FACTUAL
bostonglobe.com,LEFT-CENTER,HIGH
kansascity.com,LEFT-CENTER,HIGH
smh.com.au,LEFT-CENTER,HIGH
nbcnewyork.com,LEFT-CENTER,HIGH
euractiv.com,LEFT-CENTER,HIGH
newstimes.com,CENTER,HIGH
newsbusters.org,RIGHT,MIXED
denverpost.com,LEFT-CENTER,HIGH
theverge.com,LEFT-CENTER,HIGH
ft.com,CENTER,HIGH
pennlive.com,LEFT-CENTER,HIGH
japantimes.co.jp,CENTER,HIGH
azcentral.com,LEFT-CENTER,HIGH
cnsnews.com,FAR-RIGHT,LOW
middleeasteye.net,LEFT-CENTER,MOSTLY-FACTUAL
fivethirtyeight.com,LEFT-CENTER,HIGH
haaretz.com,LEFT,HIGH
variety.com,LEFT-CENTER,HIGH
indianexpress.com,LEFT-CENTER,MOSTLY-FACTUAL
thestar.com,LEFT-CENTER,HIGH
standard.co.uk,CENTER,HIGH
insideedition.com,LEFT-CENTER,HIGH
sfchronicle.com,LEFT-CENTER,HIGH
fox10phoenix.com,CENTER,HIGH
abovethelaw.com,LEFT-CENTER,HIGH
upi.com,CENTER,HIGH
economist.com,CENTER,HIGH
masslive.com,CENTER,HIGH
taiwannews.com.tw,LEFT-CENTER,MOSTLY-FACTUAL
channelnewsasia.com,CENTER,HIGH
legalinsurrection.com,RIGHT,MOSTLY-FACTUAL
freebeacon.com,RIGHT,MIXED
lemonde.fr,LEFT-CENTER,HIGH
clickorlando.com,CENTER,HIGH
indiatoday.in,RIGHT-CENTER,MIXED
thehindu.com,LEFT-CENTER,MOSTLY-FACTUAL
sltrib.com,LEFT-CENTER,HIGH
ajc.com,LEFT-CENTER,HIGH
amgreatness.com,RIGHT,MIXED
timesofindia.indiatimes.com,RIGHT-CENTER,MIXED
democracynow.org,LEFT,HIGH
orlandosentinel.com,LEFT-CENTER,HIGH
skynews.com.au,RIGHT,MIXED
propublica.org,LEFT-CENTER,HIGH
prospect.org,LEFT,HIGH
wreg.com,CENTER,HIGH
militarytimes.com,CENTER,HIGH
theconversation.com,CENTER,VERY-HIGH
americanmilitarynews.com,RIGHT-CENTER,MOSTLY-FACTUAL
al.com,CENTER,HIGH
wnd.com,FAR-RIGHT,LOW
lrt.lt,CENTER,HIGH
lbc.co.uk,RIGHT-CENTER,MIXED
nbcmiami.com,LEFT-CENTER,HIGH
thedrive.com,CENTER,HIGH
realclearpolitics.com,RIGHT-CENTER,MOSTLY-FACTUAL
nbcchicago.com,LEFT-CENTER,HIGH
tampabay.com,LEFT-CENTER,HIGH
dallasnews.com,RIGHT-CENTER,HIGH
bnonews.com,CENTER,HIGH
itv.com,CENTER,HIGH
newyorker.com,LEFT,HIGH
nbclosangeles.com,LEFT-CENTER,HIGH
financialpost.com,RIGHT-CENTER,MOSTLY-FACTUAL
rnz.co.nz,CENTER,HIGH
theage.com.au,LEFT-CENTER,HIGH
voanews.com,CENTER,HIGH
straitstimes.com,RIGHT-CENTER,MOSTLY-FACTUAL
seattlepi.com,LEFT-CENTER,HIGH
freep.com,LEFT-CENTER,HIGH
thenationaldesk.com,RIGHT-CENTER,HIGH
irishtimes.com,LEFT-CENTER,HIGH
jacobinmag.com,LEFT,HIGH
dailydot.com,LEFT,HIGH
metrotimes.com,LEFT-CENTER,MIXED
uawire.org,LEFT-CENTER,MIXED
cnet.com,CENTER,HIGH
seattletimes.com,LEFT-CENTER,HIGH
middleeastmonitor.com,LEFT,MIXED
ottawacitizen.com,RIGHT-CENTER,HIGH
the-sun.com,RIGHT,MIXED
scientificamerican.com,LEFT-CENTER,HIGH
fox5dc.com,CENTER,HIGH
nbcdfw.com,LEFT-CENTER,HIGH
ynetnews.com,LEFT-CENTER,HIGH
thepostmillennial.com,RIGHT,MIXED
politifact.com,LEFT-CENTER,HIGH
newschannel9.com,RIGHT-CENTER,HIGH
nj.com,CENTER,HIGH
rightwingwatch.org,LEFT,HIGH
bizpacreview.com,RIGHT,MIXED
arabnews.com,RIGHT-CENTER,MIXED
genesiustimes.com,RIGHT,UNKNOWN
dailyrecord.co.uk,LEFT,MOSTLY-FACTUAL
advocate.com,CENTER,HIGH
ktvu.com,CENTER,HIGH
thegrio.com,LEFT,MOSTLY-FACTUAL
espn.com,LEFT-CENTER,HIGH
spectator.org,LEFT,HIGH
currentaffairs.org,LEFT,HIGH
en.mercopress.com,LEFT-CENTER,MIXED
oilprice.com,RIGHT-CENTER,MOSTLY-FACTUAL
fox13news.com,CENTER,HIGH
en.interfax.com.ua,LEFT-CENTER,MIXED
foxla.com,CENTER,HIGH
sbs.com.au,LEFT-CENTER,HIGH
livescience.com,CENTER,HIGH
theroot.com,LEFT,MOSTLY-FACTUAL
pinknews.co.uk,LEFT,HIGH
komonews.com,RIGHT-CENTER,HIGH
kiro7.com,CENTER,HIGH
wsoctv.com,CENTER,HIGH
dispatch.com,CENTER,HIGH
gizmodo.com,LEFT,HIGH
nhk.or.jp,LEFT-CENTER,HIGH
thesun.co.uk,RIGHT,MIXED
mediaite.com,LEFT,MOSTLY-FACTUAL
fox5atlanta.com,CENTER,HIGH
economictimes.indiatimes.com,RIGHT-CENTER,MIXED
rte.ie,CENTER,HIGH
news4jax.com,CENTER,HIGH
rt.com,CENTER,HIGH
firstpost.com,RIGHT-CENTER,MOSTLY-FACTUAL
c-span.org,CENTER,VERY-HIGH
citizensforethics.org,LEFT-CENTER,MOSTLY-FACTUAL
newshub.co.nz,LEFT-CENTER,MOSTLY-FACTUAL
news4sanantonio.com,RIGHT-CENTER,HIGH
spokesman.com,CENTER,HIGH
9news.com.au,RIGHT-CENTER,HIGH
news.err.ee,CENTER,HIGH
fee.org,RIGHT-CENTER,MOSTLY-FACTUAL
boston.com,LEFT-CENTER,HIGH
abc15.com,CENTER,HIGH
kwtx.com,CENTER,HIGH
cp24.com,CENTER,HIGH
bangordailynews.com,LEFT-CENTER,HIGH
slaynews.com,FAR-RIGHT,VERY-LOW
stuff.co.nz,LEFT-CENTER,HIGH
spectatorworld.com,RIGHT-CENTER,MOSTLY-FACTUAL
madison.com,CENTER,HIGH
wtop.com,CENTER,HIGH
cbs12.com,RIGHT-CENTER,HIGH
torontosun.com,RIGHT,MOSTLY-FACTUAL
rumble.com,FAR-RIGHT,LOW
abc7ny.com,CENTER,HIGH
jsonline.com,LEFT-CENTER,HIGH
thecollegefix.com,RIGHT,MIXED
citizen-times.com,LEFT-CENTER,HIGH
fox5ny.com,CENTER,HIGH
fox4news.com,CENTER,HIGH
fox19.com,CENTER,HIGH
news18.com,RIGHT-CENTER,MIXED
winknews.com,CENTER,HIGH
qz.com,LEFT-CENTER,HIGH
news5cleveland.com,CENTER,HIGH
peoplesworld.org,FAR-LEFT,MOSTLY-FACTUAL
ny1.com,CENTER,HIGH
mises.org,RIGHT,MIXED
cbs58.com,LEFT-CENTER,HIGH
pewresearch.org,CENTER,VERY-HIGH
today.com,CENTER,HIGH
lifenews.com,LEFT-CENTER,HIGH
mississippitoday.org,LEFT-CENTER,HIGH
texasobserver.org,LEFT,HIGH
wlox.com,CENTER,HIGH
wsvn.com,LEFT-CENTER,HIGH
wbrc.com,CENTER,HIGH
nola.com,LEFT-CENTER,HIGH
news.am,CENTER,HIGH
oregonlive.com,CENTER,HIGH
abc7news.com,LEFT-CENTER,HIGH
techdirt.com,LEFT-CENTER,HIGH
stripes.com,CENTER,HIGH
govexec.com,LEFT-CENTER,HIGH
wrdw.com,CENTER,HIGH
kxan.com,CENTER,HIGH
religionnews.com,LEFT-CENTER,HIGH
frontpagemag.com,FAR-RIGHT,LOW
19fortyfive.com,RIGHT-CENTER,MOSTLY-FACTUAL
thewrap.com,LEFT-CENTER,MIXED
military.com,CENTER,HIGH
defenseone.com,CENTER,HIGH
defensenews.com,CENTER,HIGH
cleveland.com,CENTER,HIGH
thestreet.com,RIGHT-CENTER,HIGH
coloradosun.com,LEFT-CENTER,HIGH
sun-sentinel.com,CENTER,HIGH
i24news.tv,CENTER,MIXED
politicalwire.com,CENTER,HIGH
statesman.com,CENTER,HIGH
space.com,CENTER,MOSTLY-FACTUAL
nbcbayarea.com,LEFT-CENTER,HIGH
foreignpolicy.com,CENTER,HIGH
courier-journal.com,LEFT-CENTER,HIGH
phys.org,CENTER,HIGH
sacurrent.com,LEFT,HIGH
bleepingcomputer.com,CENTER,HIGH
liveaction.org,RIGHT,MIXED
cbs46.com,CENTER,HIGH
sandiegouniontribune.com,CENTER,HIGH
deccanherald.com,LEFT-CENTER,MIXED
indystar.com,CENTER,HIGH
kplctv.com,CENTER,HIGH
focustaiwan.tw,LEFT-CENTER,HIGH
post-gazette.com,RIGHT-CENTER,HIGH
wlbt.com,CENTER,HIGH
rfa.org,LEFT-CENTER,HIGH
ktul.com,RIGHT-CENTER,HIGH
japantoday.com,LEFT-CENTER,HIGH
teenvogue.com,LEFT,MOSTLY-FACTUAL
kstp.com,CENTER,HIGH
thetimes.co.uk,RIGHT-CENTER,HIGH
wset.com,RIGHT-CENTER,HIGH
sciencealert.com,CENTER,HIGH
forward.com,LEFT-CENTER,HIGH
dailysignal.com,RIGHT,MOSTLY-FACTUAL
ocregister.com,RIGHT-CENTER,HIGH
fox35orlando.com,CENTER,HIGH
washingtonmonthly.com,LEFT-CENTER,HIGH
geo.tv,RIGHT-CENTER,MIXED
outkick.com,RIGHT-CENTER,MIXED
wesh.com,CENTER,HIGH
globaltimes.cn,LEFT,MIXED
detroitnews.com,RIGHT-CENTER,HIGH
abc57.com,LEFT-CENTER,HIGH
nationalinterest.org,RIGHT-CENTER,HIGH
dawn.com,LEFT-CENTER,MOSTLY-FACTUAL
irishmirror.ie,LEFT-CENTER,MOSTLY-FACTUAL
engadget.com,LEFT-CENTER,HIGH
tallahassee.com,LEFT-CENTER,HIGH
wired.com,LEFT-CENTER,HIGH
wect.com,CENTER,HIGH
hollywoodreporter.com,LEFT-CENTER,HIGH
fox7austin.com,CENTER,HIGH
louderwithcrowder.com,RIGHT,MIXED
ksat.com,CENTER,HIGH
fox13memphis.com,CENTER,HIGH
pix11.com,CENTER,HIGH
trtworld.com,RIGHT,MIXED
abcnews4.com,RIGHT-CENTER,HIGH
ansa.it,CENTER,HIGH
newschannel10.com,CENTER,HIGH
gbnews.uk,RIGHT,MIXED
gazette.com,CENTER,HIGH
fox2detroit.com,CENTER,HIGH
7news.com.au,RIGHT-CENTER,MIXED
ign.com,FAR-RIGHT,LOW
avoiceformen.com,RIGHT,LOW
adn.com,CENTER,HIGH
bnnbloomberg.ca,LEFT-CENTER,HIGH
euobserver.com,LEFT-CENTER,HIGH
walesonline.co.uk,LEFT-CENTER,HIGH
kentucky.com,LEFT-CENTER,HIGH
rfi.fr,CENTER,MOSTLY-FACTUAL
weartv.com,RIGHT-CENTER,HIGH
dailystar.co.uk,RIGHT-CENTER,MIXED
memri.org,RIGHT,MIXED
kbtx.com,CENTER,HIGH
tnc.news,RIGHT,MIXED
dnyuz.com,RIGHT-CENTER,MIXED
spiegel.de,LEFT-CENTER,HIGH
city-journal.org,RIGHT,MOSTLY-FACTUAL
tmz.com,LEFT-CENTER,MIXED
heraldtribune.com,CENTER,HIGH
lex18.com,CENTER,HIGH
polygon.com,LEFT-CENTER,HIGH
americanthinker.com,FAR-RIGHT,LOW
en-volve.com,FAR-RIGHT,VERY-LOW
nbcboston.com,LEFT-CENTER,HIGH
powerlineblog.com,RIGHT,MIXED
kesq.com,CENTER,HIGH
bangkokpost.com,RIGHT-CENTER,MIXED
newswest9.com,CENTER,HIGH
triblive.com,RIGHT-CENTER,HIGH
futurism.com,CENTER,MOSTLY-FACTUAL
chicago.suntimes.com,LEFT-CENTER,HIGH
fox29.com,CENTER,HIGH
rebelnews.com,RIGHT,MIXED
techcrunch.com,LEFT-CENTER,HIGH
newschannel5.com,CENTER,HIGH
sacbee.com,LEFT-CENTER,HIGH
desmoinesregister.com,CENTER,HIGH
wfmz.com,CENTER,HIGH
dcreport.org,LEFT-CENTER,HIGH
nbc12.com,CENTER,HIGH
humanevents.com,RIGHT,MIXED
tiktok.com,FAR-RIGHT,LOW
inthesetimes.com,LEFT,MOSTLY-FACTUAL
cbs7.com,CENTER,HIGH
newson6.com,CENTER,HIGH
heraldscotland.com,LEFT-CENTER,HIGH
wkrn.com,CENTER,HIGH
thelondoneconomic.com,LEFT,MOSTLY-FACTUAL
abc11.com,LEFT-CENTER,HIGH
wsbtv.com,CENTER,HIGH
star-telegram.com,RIGHT-CENTER,HIGH
cincinnati.com,CENTER,HIGH
erienewsnow.com,CENTER,HIGH
newsobserver.com,LEFT-CENTER,HIGH
atlanticcouncil.org,RIGHT-CENTER,HIGH
newscientist.com,CENTER,VERY-HIGH
lawfareblog.com,CENTER,VERY-HIGH
ktla.com,CENTER,HIGH
nbcphiladelphia.com,LEFT-CENTER,HIGH
floridapolitics.com,CENTER,HIGH
benzinga.com,CENTER,HIGH
patch.com,CENTER,HIGH
medium.com,LEFT-CENTER,MIXED
intellectualtakeout.org,RIGHT,MOSTLY-FACTUAL
ky3.com,CENTER,HIGH
wxyz.com,CENTER,HIGH
bostonherald.com,RIGHT-CENTER,HIGH
wptv.com,CENTER,HIGH
bridgemi.com,LEFT-CENTER,HIGH
courthousenews.com,CENTER,HIGH
news.mongabay.com,LEFT-CENTER,HIGH
abc17news.com,CENTER,HIGH
orlandoweekly.com,LEFT,HIGH
cpr.org,LEFT-CENTER,HIGH
riverfronttimes.com,LEFT,HIGH
wpxi.com,CENTER,HIGH
hrw.org,LEFT-CENTER,HIGH
tass.com,RIGHT-CENTER,MIXED
hawaiinewsnow.com,CENTER,HIGH
fox26houston.com,CENTER,HIGH
spiked-online.com,RIGHT,MIXED
timesunion.com,LEFT-CENTER,HIGH
mcclatchydc.com,LEFT-CENTER,HIGH
tucson.com,LEFT-CENTER,HIGH
news.un.org,LEFT-CENTER,HIGH
wrtv.com,CENTER,HIGH
issuesinsights.com,RIGHT,MIXED
tennessean.com,CENTER,HIGH
taskandpurpose.com,LEFT-CENTER,MOSTLY-FACTUAL
thenational.scot,LEFT-CENTER,HIGH
chicagotribune.com,RIGHT-CENTER,HIGH
nbc15.com,CENTER,HIGH
eutimes.net,RIGHT,LOW
local12.com,RIGHT-CENTER,HIGH
newstatesman.com,LEFT-CENTER,HIGH
8newsnow.com,CENTER,HIGH
investors.com,RIGHT,MIXED
wndu.com,CENTER,HIGH
novinite.com,CENTER,MOSTLY-FACTUAL
aninews.in,RIGHT-CENTER,MIXED
indiatimes.com,RIGHT-CENTER,MIXED
thecountersignal.com,FAR-RIGHT,MIXED
wpr.org,CENTER,HIGH
nknews.org,CENTER,MOSTLY-FACTUAL
amnesty.org,LEFT-CENTER,HIGH
anonymouswire.com,FAR-RIGHT,LOW
19thnews.org,LEFT,HIGH
wcpo.com,CENTER,HIGH
1news.co.nz,LEFT-CENTER,HIGH
kcentv.com,CENTER,HIGH
popularmechanics.com,CENTER,HIGH
mainichi.jp,LEFT-CENTER,HIGH
12news.com,CENTER,HIGH
mercurynews.com,LEFT-CENTER,HIGH
science.org,RIGHT,MIXED
kdvr.com,CENTER,HIGH
kcbd.com,CENTER,HIGH
nature.com,CENTER,VERY-HIGH
kqed.org,LEFT-CENTER,HIGH
startribune.com,LEFT-CENTER,HIGH
fox59.com,CENTER,HIGH
independentsentinel.com,RIGHT,LOW
wjla.com,RIGHT-CENTER,HIGH
ottawa.citynews.ca,CENTER,HIGH
wivb.com,CENTER,HIGH
techspot.com,CENTER,HIGH
thecanary.co,LEFT,MOSTLY-FACTUAL
thenewamerican.com,RIGHT,MIXED
wtrf.com,CENTER,HIGH
kvue.com,CENTER,HIGH
therealnews.com,LEFT,HIGH
brookings.edu,LEFT-CENTER,VERY-HIGH
krdo.com,CENTER,HIGH
miaminewtimes.com,LEFT-CENTER,HIGH
idahocapitalsun.com,LEFT,HIGH
tribuneindia.com,RIGHT-CENTER,MIXED
brennancenter.org,LEFT-CENTER,HIGH
morningconsult.com,CENTER,VERY-HIGH
missouriindependent.com,LEFT,HIGH
oklahoman.com,RIGHT-CENTER,HIGH
azfamily.com,CENTER,HIGH
boston25news.com,CENTER,HIGH
morningstaronline.co.uk,LEFT,MOSTLY-FACTUAL
al-monitor.com,LEFT-CENTER,HIGH
thequint.com,LEFT-CENTER,HIGH
phoenixnewtimes.com,LEFT-CENTER,HIGH
khou.com,CENTER,HIGH
news24.com,CENTER,HIGH
wgme.com,RIGHT-CENTER,HIGH
kens5.com,CENTER,HIGH
wlos.com,RIGHT-CENTER,HIGH
thedenverchannel.com,CENTER,HIGH
kob.com,CENTER,HIGH
wkyt.com,CENTER,HIGH
kltv.com,CENTER,HIGH
irishexaminer.com,LEFT-CENTER,MOSTLY-FACTUAL
balkaninsight.com,LEFT-CENTER,HIGH
mynews4.com,RIGHT-CENTER,HIGH
kron4.com,CENTER,HIGH
guardian.ng,CENTER,MIXED
cato.org,RIGHT-CENTER,HIGH
technologyreview.com,CENTER,VERY-HIGH
rollcall.com,CENTER,VERY-HIGH
ktbs.com,CENTER,HIGH
smithsonianmag.com,CENTER,VERY-HIGH
cleveland19.com,CENTER,HIGH
spectrumnews1.com,CENTER,HIGH
un.org,LEFT-CENTER,HIGH
navytimes.com,CENTER,HIGH
wtvm.com,CENTER,HIGH
en.yna.co.kr,RIGHT-CENTER,MOSTLY-FACTUAL
pressherald.com,LEFT-CENTER,HIGH
wfaa.com,CENTER,HIGH
libsoftiktok.com,FAR-RIGHT,LOW
kcra.com,CENTER,HIGH
eviemagazine.com,FAR-RIGHT,LOW
eenews.net,LEFT-CENTER,HIGH
uproxx.com,LEFT,MIXED
campusreform.org,RIGHT,MIXED
radaronline.com,CENTER,LOW
live5news.com,CENTER,HIGH
israelnationalnews.com,RIGHT-CENTER,MIXED
abc27.com,CENTER,HIGH
snopes.com,LEFT-CENTER,MOSTLY-FACTUAL
actionnews5.com,CENTER,HIGH
13wmaz.com,CENTER,HIGH
scroll.in,LEFT-CENTER,MOSTLY-FACTUAL
grist.org,LEFT-CENTER,HIGH
newsnationnow.com,CENTER,HIGH
vtdigger.org,LEFT-CENTER,HIGH
bylinetimes.com,LEFT-CENTER,HIGH
montrealgazette.com,RIGHT-CENTER,HIGH
ketk.com,CENTER,HIGH
splcenter.org,LEFT,HIGH
opensecrets.org,CENTER,VERY-HIGH
wistv.com,CENTER,HIGH
kold.com,CENTER,HIGH
aol.com,LEFT-CENTER,HIGH
verdict.justia.com,CENTER,HIGH
mexicodailypost.com,LEFT-CENTER,MIXED
liveuamap.com,CENTER,MOSTLY-FACTUAL
woodtv.com,CENTER,HIGH
timesofmalta.com,CENTER,MOSTLY-FACTUAL
medicalxpress.com,CENTER,HIGH
statnews.com,LEFT-CENTER,HIGH
thejournal.ie,LEFT-CENTER,HIGH
dailyhive.com,LEFT-CENTER,MOSTLY-FACTUAL
rasmussenreports.com,RIGHT-CENTER,HIGH
washingtonian.com,LEFT,HIGH
mediarightnews.com,RIGHT,MOSTLY-FACTUAL
theledger.com,LEFT-CENTER,HIGH
beckernews.com,FAR-RIGHT,LOW
spectator.co.uk,RIGHT-CENTER,MOSTLY-FACTUAL
saudigazette.com.sa,LEFT-CENTER,MIXED
foreignaffairs.com,CENTER,HIGH
csmonitor.com,CENTER,HIGH
koreatimes.co.kr,LEFT-CENTER,MOSTLY-FACTUAL
indiatvnews.com,RIGHT-CENTER,MOSTLY-FACTUAL
savannahnow.com,RIGHT-CENTER,HIGH
manilatimes.net,RIGHT-CENTER,MIXED
facebook.com,LEFT-CENTER,HIGH
hs.fi,LEFT-CENTER,HIGH
arkansasonline.com,RIGHT-CENTER,HIGH
libertywire.net,FAR-RIGHT,VERY-LOW
texasmonthly.com,LEFT-CENTER,HIGH
thewire.in,LEFT-CENTER,MOSTLY-FACTUAL
algemeiner.com,RIGHT-CENTER,HIGH
abcactionnews.com,CENTER,HIGH
kxxv.com,CENTER,HIGH
ecowatch.com,LEFT,MOSTLY-FACTUAL
patriotpost.us,RIGHT,MOSTLY-FACTUAL
vancouversun.com,RIGHT-CENTER,HIGH
timesfreepress.com,CENTER,HIGH
psychologytoday.com,CENTER,HIGH
charlotteobserver.com,LEFT-CENTER,HIGH
malaymail.com,RIGHT-CENTER,MOSTLY-FACTUAL
toronto.citynews.ca,CENTER,HIGH
wgntv.com,CENTER,HIGH
foxbaltimore.com,RIGHT-CENTER,HIGH
boundingintocomics.com,RIGHT,MIXED
wcax.com,CENTER,HIGH
gmanetwork.com,LEFT-CENTER,MIXED
theadvertiser.com,LEFT-CENTER,HIGH
cbs19.tv,CENTER,HIGH
tnholler.com,LEFT,HIGH
theadvocate.com,LEFT-CENTER,HIGH
fastcompany.com,LEFT-CENTER,HIGH
t.me,RIGHT,VERY-LOW
thenews.com.pk,RIGHT-CENTER,MIXED
11alive.com,CENTER,HIGH
ksl.com,CENTER,HIGH
eff.org,LEFT-CENTER,HIGH
whyy.org,LEFT-CENTER,HIGH
afr.com,RIGHT-CENTER,HIGH
kgun9.com,CENTER,HIGH
colombiareports.com,LEFT-CENTER,MIXED
alaskasnewssource.com,CENTER,HIGH
news-leader.com,LEFT-CENTER,HIGH
mysanantonio.com,LEFT-CENTER,HIGH
9news.com,CENTER,HIGH
psypost.org,CENTER,HIGH
kpvi.com,CENTER,HIGH
kvia.com,CENTER,HIGH
alaskapublic.org,LEFT-CENTER,HIGH
urdupoint.com,RIGHT-CENTER,MIXED
thediplomat.com,CENTER,HIGH
newatlas.com,CENTER,HIGH
kmbc.com,CENTER,HIGH
tippinsights.com,RIGHT,MIXED
thebulletin.org,LEFT-CENTER,HIGH
wilx.com,CENTER,HIGH
helsinkitimes.fi,CENTER,HIGH
whio.com,CENTER,HIGH
nbc4i.com,CENTER,HIGH
progressive.org,LEFT,MOSTLY-FACTUAL
cbsaustin.com,RIGHT-CENTER,HIGH
neurosciencenews.com,CENTER,HIGH
crainsdetroit.com,CENTER,HIGH
katu.com,RIGHT-CENTER,HIGH
wishtv.com,LEFT-CENTER,HIGH
grid.news,LEFT-CENTER,HIGH
wisn.com,CENTER,HIGH
clickondetroit.com,CENTER,HIGH
mb.com.ph,LEFT-CENTER,MIXED
stoppingsocialism.com,RIGHT,MIXED
ria.ru,RIGHT-CENTER,LOW
en.mehrnews.com,RIGHT,MIXED
africanews.com,LEFT-CENTER,MOSTLY-FACTUAL
news.az,LEFT-CENTER,HIGH
fox56.com,RIGHT-CENTER,HIGH
civilbeat.org,LEFT-CENTER,HIGH
klewtv.com,RIGHT-CENTER,HIGH
ktnv.com,CENTER,HIGH
wsws.org,LEFT,MOSTLY-FACTUAL
nextgov.com,CENTER,HIGH
kfor.com,CENTER,HIGH
lawenforcementtoday.com,RIGHT,MIXED
khn.org,LEFT-CENTER,HIGH
congress.gov,CENTER,VERY-HIGH
odysee.com,RIGHT,LOW
thestar.com.my,RIGHT,MIXED
factcheck.org,CENTER,VERY-HIGH
biospace.com,CENTER,MOSTLY-FACTUAL
whec.com,CENTER,HIGH
eurasianet.org,LEFT-CENTER,MOSTLY-FACTUAL
fox17online.com,CENTER,HIGH
zerohedge.com,RIGHT,LOW
semafor.com,CENTER,HIGH
interfax.com.ua,LEFT-CENTER,MIXED
virginiamercury.com,LEFT-CENTER,HIGH
cbn.com,CENTER,HIGH
latestly.com,RIGHT,MIXED
wafb.com,CENTER,HIGH
thestate.com,LEFT-CENTER,HIGH
wtsp.com,CENTER,HIGH
prevention.com,UNKNOWN,MIXED
washingtonblade.com,LEFT-CENTER,HIGH
smobserved.com,RIGHT,LOW
wsfa.com,CENTER,HIGH
koaa.com,CENTER,HIGH
india.com,LEFT-CENTER,MIXED
abc3340.com,RIGHT-CENTER,HIGH
unherd.com,RIGHT-CENTER,MOSTLY-FACTUAL
pressprogress.ca,LEFT-CENTER,HIGH
rsbnetwork.com,RIGHT,LOW
fox2now.com,CENTER,HIGH
taipeitimes.com,LEFT-CENTER,MOSTLY-FACTUAL
king5.com,CENTER,HIGH
artnews.com,CENTER,MIXED
americanmind.org,RIGHT-CENTER,MIXED
katv.com,RIGHT-CENTER,HIGH
wbtv.com,CENTER,HIGH
popular.info,LEFT,HIGH
wmur.com,CENTER,HIGH
goodnewsnetwork.org,CENTER,HIGH
ktvh.com,CENTER,HIGH
wboy.com,CENTER,HIGH
manchestereveningnews.co.uk,LEFT-CENTER,HIGH
nos.nl,RIGHT-CENTER,HIGH
idahostatesman.com,CENTER,HIGH
counterpunch.org,LEFT,MOSTLY-FACTUAL
thegatewaypundit.com,FAR-RIGHT,VERY-LOW
thebluestateconservative.com,FAR-RIGHT,LOW
albawaba.com,RIGHT-CENTER,MIXED
thewest.com.au,RIGHT-CENTER,HIGH
thetruthaboutguns.com,RIGHT,MOSTLY-FACTUAL
fox32chicago.com,CENTER,HIGH
thefreethoughtproject.com,LEFT,LOW
digitaljournal.com,CENTER,HIGH
grandforksherald.com,RIGHT-CENTER,HIGH
wlwt.com,CENTER,HIGH
pnj.com,CENTER,HIGH
republicworld.com,RIGHT-CENTER,MIXED
khaleejtimes.com,RIGHT-CENTER,MIXED
morningstar.com,LEFT-CENTER,HIGH
eastbaytimes.com,LEFT-CENTER,HIGH
dailysceptic.org,RIGHT,VERY-LOW
6abc.com,LEFT-CENTER,HIGH
mynbc15.com,RIGHT-CENTER,HIGH
13abc.com,CENTER,HIGH
dcenquirer.com,RIGHT,MIXED
mysuncoast.com,CENTER,HIGH
breaking911.com,UNKNOWN,VERY-LOW
breakingdefense.com,RIGHT-CENTER,HIGH
financialexpress.com,RIGHT-CENTER,MIXED
mynorthwest.com,RIGHT-CENTER,HIGH
buffalonews.com,CENTER,HIGH
nwitimes.com,CENTER,HIGH
vaticannews.va,RIGHT-CENTER,HIGH
abc6onyourside.com,RIGHT-CENTER,HIGH
knoe.com,CENTER,HIGH
birminghammail.co.uk,RIGHT-CENTER,MOSTLY-FACTUAL
sputniknews.com,RIGHT-CENTER,VERY-LOW
myfox8.com,CENTER,HIGH
palmbeachpost.com,LEFT-CENTER,HIGH
scotusblog.com,CENTER,HIGH
boingboing.net,LEFT,MIXED
lasvegassun.com,LEFT-CENTER,HIGH
conservativebrief.com,RIGHT,MOSTLY-FACTUAL
analyzingamerica.org,FAR-RIGHT,MIXED
redvoicemedia.com,FAR-RIGHT,LOW
americanlookout.com,FAR-RIGHT,LOW
complex.com,LEFT-CENTER,MOSTLY-FACTUAL
californiaglobe.com,RIGHT-CENTER,MIXED
opindia.com,RIGHT,MIXED
cepa.org,RIGHT-CENTER,HIGH
thelibertydaily.com,FAR-RIGHT,MIXED
thecovidworld.com,RIGHT,VERY-LOW
kgw.com,CENTER,HIGH
fox5vegas.com,CENTER,HIGH
adl.org,LEFT-CENTER,HIGH
judicialwatch.org,FAR-RIGHT,LOW
koin.com,CENTER,HIGH
whdh.com,LEFT-CENTER,HIGH
americanwirenews.com,RIGHT,MIXED
chinadaily.com.cn,LEFT,MIXED
newindianexpress.com,LEFT-CENTER,MOSTLY-FACTUAL
mexiconewsdaily.com,LEFT-CENTER,HIGH
tabletmag.com,RIGHT-CENTER,MOSTLY-FACTUAL
fox8.com,CENTER,HIGH
phillyvoice.com,LEFT-CENTER,HIGH
theamericanconservative.com,RIGHT-CENTER,MOSTLY-FACTUAL
kwqc.com,CENTER,HIGH
wearegreenbay.com,CENTER,HIGH
theweek.co.uk,LEFT-CENTER,HIGH
thelibertyloft.com,FAR-RIGHT,MIXED
mashable.com,LEFT,MOSTLY-FACTUAL
5newsonline.com,CENTER,HIGH
mprnews.org,LEFT-CENTER,HIGH
fox11online.com,RIGHT-CENTER,HIGH
mic.com,LEFT,MOSTLY-FACTUAL
bignewsnetwork.com,CENTER,MOSTLY-FACTUAL
baltimoresun.com,LEFT-CENTER,HIGH
wmtw.com,CENTER,HIGH
news9.com,CENTER,HIGH
israelhayom.com,RIGHT,MOSTLY-FACTUAL
wric.com,CENTER,HIGH
wave3.com,CENTER,HIGH
fox23.com,CENTER,HIGH
wytv.com,CENTER,HIGH
richmond.com,RIGHT-CENTER,HIGH
walb.com,CENTER,HIGH
zdnet.com,CENTER,HIGH
thefederalistpapers.org,FAR-RIGHT,LOW
themarshallproject.org,CENTER,HIGH
koreaherald.com,RIGHT-CENTER,MOSTLY-FACTUAL
justsecurity.org,LEFT-CENTER,HIGH
kezi.com,CENTER,HIGH
fresnobee.com,LEFT-CENTER,HIGH
autoblog.com,LEFT-CENTER,MOSTLY-FACTUAL
ballotpedia.org,CENTER,VERY-HIGH
infobae.com,LEFT-CENTER,HIGH
nationalobserver.com,LEFT-CENTER,HIGH
revealnews.org,LEFT-CENTER,HIGH
djhjmedia.com,FAR-RIGHT,LOW
jezebel.com,LEFT,HIGH
lmtonline.com,RIGHT-CENTER,HIGH
americafirstreport.com,FAR-RIGHT,LOW
english.ahram.org.eg,RIGHT-CENTER,MIXED
liberationnews.org,LEFT,MOSTLY-FACTUAL
brownstone.org,RIGHT,MIXED
change.org,LEFT,MIXED
abc10.com,CENTER,HIGH
okcfox.com,RIGHT-CENTER,HIGH
greenvilleonline.com,CENTER,HIGH
turnto10.com,RIGHT-CENTER,HIGH
nationalgeographic.com,CENTER,HIGH
newschannel6now.com,CENTER,HIGH
newsday.com,LEFT-CENTER,HIGH
sciencenews.org,UNKNOWN,MIXED
syracuse.com,CENTER,HIGH
wwmt.com,RIGHT-CENTER,HIGH
news.abs-cbn.com,CENTER,HIGH
jta.org,CENTER,HIGH
reviewjournal.com,RIGHT-CENTER,HIGH
wbay.com,CENTER,HIGH
wavy.com,CENTER,HIGH
timesofsandiego.com,CENTER,HIGH
10tv.com,CENTER,HIGH
fourstateshomepage.com,CENTER,HIGH
insidehighered.com,LEFT-CENTER,HIGH
eurasiareview.com,CENTER,HIGH
arktimes.com,LEFT-CENTER,HIGH
abc12.com,CENTER,HIGH
voiceofsandiego.org,LEFT-CENTER,HIGH
montgomeryadvertiser.com,LEFT-CENTER,HIGH
ground.news,CENTER,MOSTLY-FACTUAL
wsbt.com,RIGHT-CENTER,HIGH
journalstar.com,CENTER,HIGH
macon.com,CENTER,HIGH
scotsman.com,CENTER,HIGH
abc4.com,CENTER,HIGH
irrawaddy.com,LEFT-CENTER,HIGH
nasa.gov,CENTER,VERY-HIGH
miami.cbslocal.com,LEFT-CENTER,HIGH
wionews.com,CENTER,MIXED
rappler.com,LEFT-CENTER,HIGH
newjerseymonitor.com,LEFT,HIGH
thecut.com,LEFT,MOSTLY-FACTUAL
msmagazine.com,LEFT,HIGH
kktv.com,CENTER,HIGH
lp.org,LEFT-CENTER,HIGH
heraldsun.com.au,RIGHT-CENTER,MOSTLY-FACTUAL
bgr.com,LEFT-CENTER,HIGH
levernews.com,LEFT,HIGH
wtvy.com,CENTER,HIGH
alternet.org,LEFT,MIXED
weau.com,CENTER,HIGH
christianheadlines.com,RIGHT,MIXED
miamistandard.news,RIGHT,MIXED
thefreedomtimes.com,FAR-RIGHT,VERY-LOW
buzzfeed.com,LEFT-CENTER,MIXED
heritage.org,RIGHT,MIXED
thepoliticalinsider.com,FAR-RIGHT,LOW
fool.com,LEFT-CENTER,HIGH
fox17.com,RIGHT-CENTER,HIGH
lamag.com,LEFT-CENTER,HIGH
13newsnow.com,CENTER,HIGH
wkbn.com,CENTER,HIGH
wfxrtv.com,CENTER,HIGH
berlingske.dk,RIGHT-CENTER,MOSTLY-FACTUAL
dayton247now.com,RIGHT-CENTER,HIGH
nordicmonitor.com,LEFT-CENTER,MIXED
wbir.com,CENTER,HIGH
federalnewsnetwork.com,CENTER,HIGH
inc.com,CENTER,HIGH
wgal.com,CENTER,HIGH
kfvs12.com,CENTER,HIGH
providencejournal.com,LEFT-CENTER,HIGH
fox6now.com,CENTER,HIGH
sciencedaily.com,RIGHT-CENTER,MIXED
lfpress.com,RIGHT-CENTER,MOSTLY-FACTUAL
postandcourier.com,CENTER,HIGH
mediamatters.org,LEFT,HIGH
marionstar.com,LEFT-CENTER,HIGH
publicintegrity.org,LEFT-CENTER,HIGH
naplesnews.com,LEFT-CENTER,HIGH
newspunch.com,FAR-RIGHT,VERY-LOW
q13fox.com,CENTER,HIGH
leftvoice.org,LEFT,MIXED
conservativereview.com,RIGHT,MIXED
techxplore.com,CENTER,HIGH
ffrf.org,LEFT,MIXED
wdrb.com,CENTER,HIGH
timeslive.co.za,RIGHT-CENTER,MOSTLY-FACTUAL
citizenfreepress.com,RIGHT,MIXED
realclearinvestigations.com,RIGHT-CENTER,MOSTLY-FACTUAL
rudaw.net,LEFT-CENTER,MIXED
northjersey.com,CENTER,HIGH
gatestoneinstitute.org,FAR-RIGHT,MIXED
mcall.com,CENTER,HIGH
tellerreport.com,CENTER,MIXED
minnesotareformer.com,LEFT,HIGH
nbcmontana.com,RIGHT-CENTER,HIGH
punchng.com,LEFT-CENTER,MIXED
nationandstate.com,FAR-RIGHT,LOW
atr.org,RIGHT,MIXED
si.com,LEFT-CENTER,HIGH
valiantnews.com,RIGHT,MIXED
stream.org,RIGHT,MIXED
capradio.org,LEFT-CENTER,HIGH
wthr.com,CENTER,HIGH
gab.com,FAR-RIGHT,LOW
avclub.com,LEFT-CENTER,HIGH
canadafreepress.com,FAR-RIGHT,LOW
iflscience.com,LEFT-CENTER,HIGH
ipsos.com,CENTER,HIGH
klfy.com,CENTER,HIGH
meduza.io,LEFT,HIGH
denver.cbslocal.com,LEFT-CENTER,HIGH
baltimore.cbslocal.com,LEFT-CENTER,HIGH
thv11.com,CENTER,HIGH
tristatehomepage.com,CENTER,HIGH
mystateline.com,CENTER,HIGH
deadspin.com,LEFT-CENTER,HIGH
wbaltv.com,CENTER,HIGH
nhregister.com,LEFT-CENTER,HIGH
cbs8.com,CENTER,HIGH
bakersfieldnow.com,RIGHT-CENTER,HIGH
nationalfile.com,FAR-RIGHT,LOW
rgj.com,LEFT-CENTER,HIGH
kcci.com,CENTER,HIGH
cbs42.com,CENTER,HIGH
amac.us,RIGHT,MIXED
foxsanantonio.com,RIGHT-CENTER,HIGH
wcyb.com,RIGHT-CENTER,HIGH
keloland.com,CENTER,HIGH
thegrayzone.com,FAR-LEFT,MIXED
webmd.com,CENTER,HIGH
thefirsttv.com,RIGHT,MIXED
sacramento.cbslocal.com,LEFT-CENTER,HIGH
firstcoastnews.com,CENTER,HIGH
channel3000.com,CENTER,HIGH
aei.org,RIGHT,MIXED
tribstar.com,LEFT-CENTER,HIGH
wcjb.com,CENTER,HIGH
protrumpnews.com,FAR-RIGHT,LOW
cbs6albany.com,RIGHT-CENTER,HIGH
lcsun-news.com,CENTER,HIGH
castanet.net,CENTER,HIGH
wyff4.com,CENTER,HIGH
heavy.com,LEFT-CENTER,HIGH
welovetrump.com,FAR-RIGHT,VERY-LOW
stamfordadvocate.com,LEFT-CENTER,HIGH
reclaimthenet.org,RIGHT,MIXED
christianpost.com,RIGHT,MIXED
opendemocracy.net,LEFT-CENTER,HIGH
nsnews.com,LEFT-CENTER,HIGH
kvoa.com,CENTER,HIGH
thejakartapost.com,LEFT-CENTER,MOSTLY-FACTUAL
canada.ca,LEFT-CENTER,HIGH
wwnytv.com,CENTER,HIGH
grabien.com,RIGHT,MIXED
theonion.com,UNKNOWN,UNKNOWN
medscape.com,CENTER,VERY-HIGH
azmirror.com,LEFT,HIGH
13wham.com,RIGHT-CENTER,HIGH
vulture.com,LEFT-CENTER,HIGH
ancient-origins.net,UNKNOWN,MIXED
gaytimes.co.uk,LEFT,HIGH
wtae.com,CENTER,HIGH
abc30.com,LEFT-CENTER,HIGH
todayonline.com,CENTER,HIGH
yorkdispatch.com,LEFT-CENTER,HIGH
fox5sandiego.com,CENTER,HIGH
francetvinfo.fr,LEFT-CENTER,HIGH
rairfoundation.com,FAR-RIGHT,LOW
cdc.gov,CENTER,VERY-HIGH
law.com,CENTER,HIGH
bolde.com,LEFT,MIXED
kait8.com,CENTER,HIGH
inforum.com,RIGHT-CENTER,HIGH
vanguardngr.com,LEFT-CENTER,MIXED
latintimes.com,LEFT-CENTER,HIGH
kansas.com,CENTER,MOSTLY-FACTUAL
tagesschau.de,CENTER,HIGH
patriotledger.com,LEFT-CENTER,HIGH
eurekalert.org,CENTER,VERY-HIGH
tmj4.com,CENTER,HIGH
investopedia.com,CENTER,HIGH
conservativefighters.co,RIGHT,MIXED
upnorthlive.com,RIGHT-CENTER,HIGH
knoxnews.com,CENTER,HIGH
tennesseestar.com,RIGHT,MIXED
kshb.com,CENTER,HIGH
gothamist.com,LEFT-CENTER,HIGH
denvergazette.com,RIGHT-CENTER,HIGH
unionleader.com,RIGHT-CENTER,HIGH
popsci.com,CENTER,HIGH
whsv.com,CENTER,HIGH
arcamax.com,RIGHT-CENTER,MOSTLY-FACTUAL
wchstv.com,RIGHT-CENTER,HIGH
dailymaverick.co.za,CENTER,MOSTLY-FACTUAL
observer.com,CENTER,HIGH
cjonline.com,LEFT-CENTER,HIGH
mercatornet.com,RIGHT,MIXED
thetruedefender.com,RIGHT,LOW
krcgtv.com,RIGHT-CENTER,HIGH
kalb.com,CENTER,HIGH
politics.co.uk,CENTER,HIGH
kttc.com,CENTER,HIGH
gainesville.com,LEFT-CENTER,HIGH
wcvb.com,CENTER,HIGH
bleacherreport.com,LEFT-CENTER,MOSTLY-FACTUAL
foxcarolina.com,CENTER,HIGH
ctmirror.org,LEFT-CENTER,HIGH
kpic.com,RIGHT-CENTER,HIGH
expressen.se,RIGHT-CENTER,MOSTLY-FACTUAL
edmontonjournal.com,RIGHT-CENTER,HIGH
chroniclesmagazine.org,RIGHT,MIXED
dailytelegraph.com.au,RIGHT,MIXED
lewrockwell.com,FAR-RIGHT,LOW
actionnewsnow.com,CENTER,HIGH
wndnewscenter.org,FAR-RIGHT,LOW
ncbi.nlm.nih.gov,CENTER,HIGH
dcist.com,LEFT-CENTER,HIGH
gulfnews.com,RIGHT,MIXED
leicestermercury.co.uk,RIGHT-CENTER,HIGH
jalopnik.com,LEFT-CENTER,HIGH
aier.org,RIGHT-CENTER,MIXED
eastidahonews.com,CENTER,HIGH
politicususa.com,LEFT,HIGH
cbs17.com,CENTER,HIGH
ctpost.com,LEFT-CENTER,HIGH
heraldnet.com,LEFT-CENTER,HIGH
kare11.com,CENTER,HIGH
fox13now.com,CENTER,HIGH
aclu.org,LEFT-CENTER,MIXED
vancouvertimes.org,RIGHT,MIXED
wcti12.com,RIGHT-CENTER,HIGH
counton2.com,CENTER,HIGH
kuow.org,LEFT-CENTER,HIGH
energy.gov,CENTER,HIGH
insideclimatenews.org,LEFT-CENTER,HIGH
americanprogress.org,LEFT,MIXED
vaildaily.com,CENTER,HIGH
wsaz.com,CENTER,HIGH
thrillist.com,LEFT-CENTER,HIGH
baptistnews.com,LEFT-CENTER,HIGH
wkbw.com,CENTER,HIGH
patriotfetch.com,FAR-RIGHT,LOW
minnesota.cbslocal.com,LEFT-CENTER,HIGH
krem.com,CENTER,HIGH
realclearscience.com,RIGHT-CENTER,HIGH
ew.com,CENTER,HIGH
icij.org,CENTER,VERY-HIGH
greenleft.org.au,LEFT,HIGH
kjzz.org,LEFT-CENTER,HIGH
courant.com,LEFT-CENTER,HIGH
itep.org,LEFT-CENTER,HIGH
readfrontier.org,LEFT-CENTER,HIGH
shelbynews.com,RIGHT-CENTER,HIGH
zmescience.com,CENTER,HIGH
laweekly.com,LEFT,MIXED
channel4.com,LEFT-CENTER,HIGH
debka.com,RIGHT,MIXED
theohiostar.com,RIGHT,MIXED
cookpolitical.com,CENTER,HIGH
tbdailynews.com,RIGHT,MIXED
hightimes.com,LEFT,MIXED
westernstandard.news,RIGHT,MIXED
ksla.com,CENTER,HIGH
philstar.com,LEFT-CENTER,MOSTLY-FACTUAL
thestarnewsnetwork.com,RIGHT,MIXED
delawareonline.com,LEFT-CENTER,HIGH
bellingcat.com,LEFT-CENTER,MOSTLY-FACTUAL
palestinechronicle.com,LEFT,MOSTLY-FACTUAL
kptv.com,CENTER,HIGH
nysun.com,RIGHT,HIGH
thoughtcatalog.com,UNKNOWN,MIXED
oneindia.com,LEFT-CENTER,MIXED
xe.com,UNKNOWN,LOW
wmar2news.com,CENTER,HIGH
whas11.com,CENTER,HIGH
nber.org,CENTER,HIGH
kark.com,CENTER,HIGH
nejm.org,CENTER,VERY-HIGH
wpde.com,RIGHT-CENTER,HIGH
zeit.de,LEFT-CENTER,HIGH
americamagazine.org,LEFT-CENTER,HIGH
realclearpolicy.com,RIGHT-CENTER,MOSTLY-FACTUAL
dailynews.com,CENTER,HIGH
consortiumnews.com,LEFT,MOSTLY-FACTUAL
dailyherald.com,LEFT-CENTER,HIGH
bellinghammetronews.com,RIGHT-CENTER,MOSTLY-FACTUAL
thedebrief.org,CENTER,MOSTLY-FACTUAL
cbpp.org,LEFT-CENTER,HIGH
kitv.com,CENTER,HIGH
ussanews.com,FAR-RIGHT,LOW
ncregister.com,RIGHT,MIXED
moroccoworldnews.com,RIGHT-CENTER,MIXED
rapidcityjournal.com,CENTER,HIGH
kxii.com,CENTER,HIGH
calgary.citynews.ca,CENTER,HIGH
cruxnow.com,CENTER,HIGH
leoweekly.com,LEFT,HIGH
spectrumlocalnews.com,CENTER,HIGH
waff.com,CENTER,HIGH
thinkinghumanity.com,UNKNOWN,LOW
thetab.com,LEFT-CENTER,HIGH
wzzm13.com,CENTER,HIGH
wdtv.com,CENTER,HIGH
tasnimnews.com,RIGHT,MIXED
gettr.com,FAR-RIGHT,LOW
kxly.com,CENTER,HIGH
therightscoop.com,RIGHT,MIXED
warontherocks.com,CENTER,HIGH
thenevadaindependent.com,CENTER,HIGH
dakotanewsnow.com,CENTER,HIGH
zona.media,LEFT,MOSTLY-FACTUAL
kget.com,CENTER,HIGH
gq.com,LEFT,HIGH
localnews8.com,CENTER,HIGH
weforum.org,LEFT-CENTER,HIGH
saltwire.com,RIGHT-CENTER,HIGH
fox44news.com,CENTER,HIGH
wvgazettemail.com,LEFT-CENTER,HIGH
local21news.com,RIGHT-CENTER,HIGH
thestranger.com,LEFT-CENTER,HIGH
politicshome.com,CENTER,HIGH
therecord.com,LEFT-CENTER,HIGH
researchgate.net,CENTER,HIGH
thegazette.com,LEFT-CENTER,HIGH
philadelphia.cbslocal.com,CENTER,HIGH
wsmv.com,CENTER,HIGH
clevescene.com,LEFT,HIGH
conservativefiringline.com,FAR-RIGHT,VERY-LOW
universetoday.com,CENTER,HIGH
wagmtv.com,CENTER,HIGH
silive.com,CENTER,HIGH
crosscut.com,LEFT-CENTER,HIGH
english.almanar.com.lb,RIGHT-CENTER,MIXED
covertactionmagazine.com,LEFT,MIXED
defconnews.com,FAR-RIGHT,LOW
wlky.com,CENTER,HIGH
truthpress.com,FAR-RIGHT,LOW
heraldonline.com,CENTER,HIGH
wattsupwiththat.com,UNKNOWN,LOW
sociable.co,CENTER,HIGH
wspa.com,CENTER,HIGH
uppermichiganssource.com,CENTER,HIGH
wola.org,LEFT-CENTER,HIGH
wpbf.com,CENTER,HIGH
gazettengr.com,CENTER,MIXED
ad.nl,CENTER,HIGH
nbc25news.com,RIGHT-CENTER,HIGH
bild.de,RIGHT-CENTER,MIXED
fair.org,LEFT-CENTER,HIGH
thelancet.com,CENTER,VERY-HIGH
marxist.com,FAR-LEFT,MOSTLY-FACTUAL
helenair.com,CENTER,HIGH
blacklistednews.com,UNKNOWN,MIXED
chicago.cbslocal.com,LEFT-CENTER,HIGH
worldtribune.com,FAR-RIGHT,LOW
kolotv.com,CENTER,HIGH
insidesources.com,RIGHT-CENTER,MOSTLY-FACTUAL
glasgowtimes.co.uk,CENTER,HIGH
valleycentral.com,CENTER,HIGH
kotaku.com,LEFT-CENTER,MOSTLY-FACTUAL
nationalnewswatch.com,LEFT-CENTER,MOSTLY-FACTUAL
crossroadstoday.com,CENTER,HIGH
hrc.org,LEFT,HIGH
koco.com,LEFT-CENTER,HIGH
repubblica.it,LEFT-CENTER,HIGH
tvn24.pl,LEFT-CENTER,HIGH
welt.de,RIGHT-CENTER,HIGH
zenger.news,LEFT-CENTER,MOSTLY-FACTUAL
justfactsdaily.com,RIGHT-CENTER,MIXED
kyma.com,CENTER,HIGH
inverse.com,LEFT-CENTER,HIGH
thestarphoenix.com,RIGHT-CENTER,HIGH
mondoweiss.net,LEFT,MIXED
lifesitenews.com,RIGHT,LOW
afn.net,FAR-RIGHT,LOW
borderreport.com,CENTER,HIGH
thelocal.no,LEFT-CENTER,HIGH
nowthisnews.com,UNKNOWN,MIXED
wowktv.com,CENTER,HIGH
yourbasin.com,CENTER,HIGH
out.com,CENTER,HIGH
wvpublic.org,CENTER,HIGH
theaustralian.com.au,RIGHT-CENTER,MIXED
news3lv.com,RIGHT-CENTER,HIGH
bigcountryhomepage.com,CENTER,HIGH
wowt.com,CENTER,HIGH
kutv.com,RIGHT-CENTER,HIGH
leparisien.fr,RIGHT-CENTER,HIGH
kfdm.com,RIGHT-CENTER,HIGH
resilience.org,LEFT,MIXED
pacificpundit.com,FAR-RIGHT,LOW
marylandmatters.org,LEFT-CENTER,HIGH
trendingpolitics.com,RIGHT,LOW
taxfoundation.org,RIGHT-CENTER,HIGH
americaoutloud.com,FAR-RIGHT,LOW
gop.com,RIGHT,MIXED
ksbw.com,CENTER,HIGH
lc.org,FAR-RIGHT,MIXED
wtkr.com,CENTER,HIGH
jacksonville.com,LEFT-CENTER,HIGH
adelaidenow.com.au,RIGHT,MIXED
climatechangenews.com,LEFT,HIGH
seenews.com,RIGHT-CENTER,MIXED
newyork.cbslocal.com,LEFT-CENTER,HIGH
headlineusa.com,FAR-RIGHT,MIXED
khon2.com,CENTER,HIGH
farsnews.ir,LEFT-CENTER,MIXED
tcpalm.com,LEFT-CENTER,HIGH
theconservativetreehouse.com,FAR-RIGHT,LOW
goshennews.com,LEFT-CENTER,HIGH
kitchener.citynews.ca,CENTER,HIGH
jamestown.org,CENTER,HIGH
ici.radio-canada.ca,LEFT-CENTER,HIGH
harpersbazaar.com,LEFT,MOSTLY-FACTUAL
project-syndicate.org,LEFT-CENTER,HIGH
thewalrus.ca,LEFT,HIGH
ttnews.com,RIGHT-CENTER,MIXED
wfxl.com,RIGHT-CENTER,HIGH
arizonasuntimes.com,RIGHT,MIXED
cyberscoop.com,CENTER,HIGH
nwaonline.com,RIGHT-CENTER,HIGH
dailyveracity.com,FAR-RIGHT,VERY-LOW
staradvertiser.com,LEFT-CENTER,HIGH
kmov.com,CENTER,HIGH
corriere.it,CENTER,HIGH
quillette.com,RIGHT,MIXED
pe.com,LEFT,MOSTLY-FACTUAL
worldtimetodays.com,CENTER,MIXED
idahonews.com,CENTER,HIGH
worldnewsera.com,LEFT-CENTER,MIXED
dailybulletin.com,CENTER,HIGH
sanluisobispo.com,LEFT-CENTER,HIGH
bitchute.com,FAR-RIGHT,VERY-LOW
thedailybell.com,RIGHT,LOW
wjtv.com,CENTER,HIGH
govtrack.us,CENTER,HIGH
jurist.org,LEFT-CENTER,HIGH
14news.com,CENTER,HIGH
agriculture.com,LEFT-CENTER,HIGH
wwltv.com,CENTER,HIGH
cdapress.com,CENTER,HIGH
wkow.com,CENTER,HIGH
news10.com,CENTER,HIGH
nation.africa,LEFT-CENTER,MIXED
thehindubusinessline.com,RIGHT-CENTER,MIXED
wdam.com,CENTER,HIGH
ammoland.com,RIGHT,MOSTLY-FACTUAL
wflx.com,CENTER,HIGH
shorenewsnetwork.com,RIGHT,MOSTLY-FACTUAL
wctv.tv,CENTER,HIGH
news.ycombinator.com,CENTER,MOSTLY-FACTUAL
jdsupra.com,CENTER,HIGH
knock-la.com,LEFT,MOSTLY-FACTUAL
wicz.com,CENTER,HIGH
amny.com,LEFT-CENTER,HIGH
bearingarms.com,RIGHT,MIXED
wlns.com,CENTER,HIGH
losangeles.cbslocal.com,LEFT-CENTER,HIGH
mediapost.com,CENTER,HIGH
fox40jackson.com,CENTER,HIGH
cosmosmagazine.com,CENTER,HIGH
nbc16.com,RIGHT-CENTER,HIGH
nbc11news.com,CENTER,HIGH
greatfallstribune.com,CENTER,HIGH
healthline.com,CENTER,MOSTLY-FACTUAL
wkrg.com,CENTER,HIGH
wjhl.com,CENTER,HIGH
wdbj7.com,CENTER,HIGH
whnt.com,CENTER,HIGH
registerguard.com,LEFT-CENTER,HIGH
capitalandmain.com,LEFT,HIGH
news8000.com,CENTER,HIGH
libertynation.com,RIGHT,MIXED
headtopics.com,LEFT-CENTER,MIXED
crfb.org,RIGHT-CENTER,HIGH
thecity.nyc,LEFT-CENTER,HIGH
sgtreport.com,RIGHT,LOW
kctv5.com,CENTER,HIGH
governing.com,LEFT-CENTER,HIGH
wgrz.com,CENTER,HIGH
gao.gov,CENTER,HIGH
monitor.co.ug,LEFT-CENTER,MOSTLY-FACTUAL
epi.org,LEFT-CENTER,HIGH
freespeech.org,LEFT,MIXED
leaderpost.com,RIGHT-CENTER,HIGH
elpais.com,LEFT-CENTER,HIGH
poconorecord.com,CENTER,HIGH
bellinghamherald.com,LEFT-CENTER,HIGH
fox46.com,CENTER,HIGH
technology.org,LEFT,MIXED
businesslive.co.za,RIGHT-CENTER,MIXED
whowhatwhy.org,LEFT,MIXED
monthlyreview.org,LEFT,HIGH
vancouver.citynews.ca,CENTER,HIGH
canadiandimension.com,LEFT,MOSTLY-FACTUAL
cleantechnica.com,LEFT-CENTER,HIGH
frankspeech.com,FAR-RIGHT,VERY-LOW
wtnh.com,CENTER,HIGH
kansasreflector.com,LEFT,HIGH
atlantablackstar.com,LEFT-CENTER,MOSTLY-FACTUAL
10news.com,CENTER,HIGH
meforum.org,FAR-RIGHT,LOW
thenorthernecho.co.uk,CENTER,HIGH
wxii12.com,CENTER,HIGH
kjrh.com,CENTER,HIGH
ij.org,CENTER,VERY-HIGH
poynter.org,CENTER,HIGH
hbr.org,CENTER,HIGH
seacoastonline.com,LEFT-CENTER,HIGH
sciencefocus.com,CENTER,HIGH
who.int,CENTER,HIGH
consumerreports.org,CENTER,HIGH
dailynk.com,CENTER,MIXED
wearecentralpa.com,CENTER,HIGH
joplinglobe.com,LEFT-CENTER,HIGH
wegotthiscovered.com,CENTER,MOSTLY-FACTUAL
crikey.com.au,LEFT,HIGH
mintpressnews.com,FAR-LEFT,LOW
popularresistance.org,LEFT,MOSTLY-FACTUAL
thenationalpulse.com,FAR-RIGHT,MIXED
givesendgo.com,FAR-RIGHT,MIXED
arizonadailyindependent.com,RIGHT,MIXED
crimeresearch.org,RIGHT,MIXED
trib.com,CENTER,HIGH
wdsu.com,CENTER,HIGH
dcdirtylaundry.com,FAR-RIGHT,VERY-LOW
minnpost.com,LEFT-CENTER,HIGH
wjactv.com,RIGHT-CENTER,HIGH
thedcpatriot.com,FAR-RIGHT,LOW
cfact.org,RIGHT,LOW
illinoispolicy.org,RIGHT,MOSTLY-FACTUAL
ktvb.com,CENTER,HIGH
armstrongeconomics.com,RIGHT,MIXED
pilotonline.com,LEFT-CENTER,HIGH
couriermail.com.au,RIGHT-CENTER,HIGH
thenewsminute.com,LEFT-CENTER,MOSTLY-FACTUAL
tehrantimes.com,RIGHT,MIXED
wltx.com,CENTER,HIGH
thesouthern.com,CENTER,HIGH
democrats.org,LEFT,MIXED
thedispatch.com,RIGHT-CENTER,HIGH
hoover.org,RIGHT-CENTER,HIGH
democratandchronicle.com,LEFT-CENTER,HIGH
abqjournal.com,RIGHT-CENTER,HIGH
daytondailynews.com,CENTER,HIGH
beaconjournal.com,LEFT-CENTER,HIGH
entrepreneur.com,RIGHT-CENTER,HIGH
ecfr.eu,LEFT-CENTER,HIGH
delfi.lt,RIGHT-CENTER,MOSTLY-FACTUAL
jewishpress.com,RIGHT-CENTER,HIGH
kalw.org,LEFT-CENTER,HIGH
fox43.com,CENTER,HIGH
tenthamendmentcenter.com,RIGHT,MIXED
monmouth.edu,CENTER,HIGH
cbs2iowa.com,RIGHT-CENTER,HIGH
kwch.com,CENTER,HIGH
sj-r.com,LEFT-CENTER,HIGH
ydr.com,LEFT-CENTER,HIGH
georgiastarnews.com,RIGHT,MIXED
neonnettle.com,RIGHT,LOW
climatechangedispatch.com,UNKNOWN,LOW
bnd.com,RIGHT-CENTER,HIGH
bmj.com,CENTER,VERY-HIGH
tatumreport.com,RIGHT,MIXED
freerepublic.com,RIGHT,MIXED
statesmanjournal.com,CENTER,HIGH
newsone.com,LEFT,MOSTLY-FACTUAL
history.com,CENTER,HIGH
ewg.org,LEFT,MIXED
statescoop.com,CENTER,HIGH
koamnewsnow.com,CENTER,HIGH
keyt.com,CENTER,HIGH
theolympian.com,LEFT-CENTER,HIGH
studyfinds.org,CENTER,HIGH
freedomfirstnetwork.com,FAR-RIGHT,LOW
china.org.cn,LEFT-CENTER,MIXED
fox61.com,CENTER,HIGH
wibw.com,CENTER,HIGH
bismarcktribune.com,CENTER,HIGH
jewishjournal.com,RIGHT-CENTER,HIGH
xinhuanet.com,LEFT,MIXED
38north.org,CENTER,HIGH
caller.com,RIGHT,MIXED
realclearmarkets.com,RIGHT-CENTER,MOSTLY-FACTUAL
newsbreak.com,LEFT-CENTER,MIXED
aeon.co,LEFT-CENTER,HIGH
hollandsentinel.com,LEFT-CENTER,HIGH
iwf.org,RIGHT,MOSTLY-FACTUAL
sbsun.com,RIGHT-CENTER,HIGH
daily.jstor.org,LEFT-CENTER,HIGH
thespec.com,LEFT-CENTER,HIGH
katc.com,CENTER,HIGH
pressdemocrat.com,LEFT-CENTER,HIGH
niemanlab.org,LEFT-CENTER,HIGH
cbs4local.com,RIGHT-CENTER,HIGH
libcom.org,FAR-LEFT,MOSTLY-FACTUAL
thedesertreview.com,RIGHT-CENTER,MIXED
news.harvard.edu,CENTER,HIGH
voiceofoc.org,LEFT-CENTER,HIGH
genzconservative.com,FAR-RIGHT,MIXED
carnegieendowment.org,LEFT-CENTER,HIGH
novaramedia.com,FAR-LEFT,MIXED
globalcitizen.org,LEFT-CENTER,HIGH
wrbl.com,CENTER,HIGH
gawker.com,LEFT,MOSTLY-FACTUAL
astronomy.com,CENTER,VERY-HIGH
cureus.com,UNKNOWN,MIXED
conservativedailynews.com,FAR-RIGHT,MIXED
thefulcrum.us,LEFT-CENTER,HIGH
digitaltrends.com,CENTER,HIGH
knopnews2.com,CENTER,HIGH
federaltimes.com,CENTER,HIGH
bgdailynews.com,RIGHT-CENTER,HIGH
projectveritas.com,RIGHT,MIXED
wtvr.com,CENTER,HIGH
anonhq.com,UNKNOWN,VERY-LOW
nih.gov,CENTER,HIGH
foxlexington.com,RIGHT-CENTER,HIGH
unwatch.org,RIGHT,MOSTLY-FACTUAL
wkyc.com,CENTER,HIGH
weny.com,CENTER,HIGH
conservativehome.com,RIGHT-CENTER,HIGH
visiontimes.com,RIGHT,MIXED
thenewstribune.com,LEFT-CENTER,HIGH
deadstate.org,LEFT,HIGH
gopusa.com,RIGHT,MIXED
cosmopolitan.com,LEFT,MIXED
thebalance.com,CENTER,HIGH
fox28media.com,RIGHT-CENTER,HIGH
zdf.de,CENTER,HIGH
fox23maine.com,RIGHT-CENTER,HIGH
blackagendareport.com,LEFT,MIXED
mdpi.com,CENTER,MOSTLY-FACTUAL
lowellsun.com,CENTER,HIGH
boredpanda.com,LEFT-CENTER,HIGH
lancasteronline.com,CENTER,HIGH
valleynewslive.com,CENTER,HIGH
jewishunpacked.com,RIGHT-CENTER,HIGH
theprovince.com,RIGHT-CENTER,HIGH
roanoke.com,CENTER,HIGH
heraldsun.com,CENTER,HIGH
taxpolicycenter.org,LEFT-CENTER,HIGH
crooksandliars.com,LEFT,MOSTLY-FACTUAL
ksby.com,CENTER,HIGH
carriagetownenews.com,LEFT-CENTER,HIGH
esa.int,CENTER,VERY-HIGH
kmph.com,RIGHT-CENTER,HIGH
interfax.com,LEFT-CENTER,MIXED
iea.org,CENTER,HIGH
ohiocapitaljournal.com,LEFT,MOSTLY-FACTUAL
terracestandard.com,LEFT-CENTER,HIGH
echo-news.co.uk,CENTER,HIGH
boomlive.in,RIGHT-CENTER,HIGH
columbian.com,CENTER,HIGH
healio.com,CENTER,HIGH
democraticunderground.com,LEFT,MIXED
lapresse.ca,LEFT-CENTER,HIGH
earth.com,RIGHT,LOW
lx.com,CENTER,HIGH
mydailyfreedom.com,RIGHT,LOW
wsav.com,CENTER,HIGH
wane.com,CENTER,HIGH
newstalkzb.co.nz,RIGHT-CENTER,HIGH
abc7amarillo.com,RIGHT-CENTER,HIGH
1011now.com,CENTER,HIGH
elitedaily.com,LEFT,MIXED
onlineathens.com,LEFT-CENTER,HIGH
winnipegsun.com,RIGHT-CENTER,HIGH
newser.com,LEFT-CENTER,HIGH
countercurrents.org,LEFT,MOSTLY-FACTUAL
ketv.com,CENTER,HIGH
publicinterestlegal.org,RIGHT,MIXED
digifection.com,FAR-RIGHT,VERY-LOW
econlib.org,RIGHT,MOSTLY-FACTUAL
sanfrancisco.cbslocal.com,LEFT-CENTER,HIGH
wnct.com,CENTER,HIGH
carbonbrief.org,LEFT-CENTER,HIGH
chattanoogan.com,RIGHT-CENTER,MOSTLY-FACTUAL
kurdistan24.net,LEFT-CENTER,MIXED
wsiltv.com,CENTER,HIGH
order-order.com,RIGHT,MIXED
archive.org,LEFT-CENTER,HIGH
newbostonpost.com,RIGHT,MIXED
wsls.com,CENTER,HIGH
fox40.com,CENTER,HIGH
defector.com,LEFT-CENTER,HIGH
infowars.com,FAR-RIGHT,VERY-LOW
fox8live.com,CENTER,HIGH
coloradonewsline.com,LEFT,HIGH
centerforpolitics.org,LEFT-CENTER,HIGH
recordnet.com,CENTER,HIGH
newsy.com,LEFT-CENTER,HIGH
wlfi.com,CENTER,HIGH
news.trust.org,LEFT-CENTER,HIGH
nationalzero.com,FAR-LEFT,MIXED
kff.org,LEFT-CENTER,HIGH
goodsciencing.com,FAR-RIGHT,VERY-LOW
100percentfedup.com,FAR-RIGHT,LOW
kfyrtv.com,CENTER,HIGH
americasvoice.news,RIGHT,MIXED
wymt.com,CENTER,HIGH
news.grabien.com,RIGHT,MIXED
techstartups.com,RIGHT-CENTER,MIXED
theflstandard.com,RIGHT,MIXED
cfr.org,CENTER,HIGH
bigthink.com,CENTER,HIGH
thelily.com,LEFT,HIGH
mycbs4.com,RIGHT-CENTER,HIGH
janes.com,CENTER,HIGH
verifythis.com,CENTER,HIGH
kaaltv.com,CENTER,HIGH
militarywatchmagazine.com,RIGHT-CENTER,MIXED
hawaiitribune-herald.com,LEFT-CENTER,HIGH
themanual.com,CENTER,HIGH
3newsnow.com,CENTER,HIGH
tennesseelookout.com,LEFT,HIGH
wgem.com,CENTER,HIGH
wsaw.com,CENTER,HIGH
rtlnieuws.nl,RIGHT-CENTER,HIGH
washingtonpress.com,LEFT,MIXED
desmogblog.com,LEFT,HIGH
dailyitem.com,LEFT-CENTER,HIGH
cityandstateny.com,LEFT-CENTER,HIGH
bing.com,LEFT-CENTER,HIGH
times-standard.com,CENTER,HIGH
medicalnewstoday.com,CENTER,HIGH
faithwire.com,RIGHT,MIXED
hillreporter.com,LEFT,HIGH
guttmacher.org,LEFT-CENTER,HIGH
duluthnewstribune.com,CENTER,HIGH
deathpenaltyinfo.org,LEFT-CENTER,HIGH
staugustine.com,LEFT-CENTER,HIGH
turnto23.com,CENTER,HIGH
ottawasun.com,RIGHT-CENTER,HIGH
worldofbuzz.com,CENTER,MIXED
en.wikinews.org,CENTER,HIGH
themilitant.com,LEFT,MIXED
cpusa.org,FAR-LEFT,MOSTLY-FACTUAL
thebeltwayreport.com,FAR-RIGHT,MIXED
macleans.ca,LEFT-CENTER,HIGH
frc.org,FAR-RIGHT,LOW
prageru.com,RIGHT,LOW
rand.org,CENTER,HIGH
britannica.com,UNKNOWN,HIGH
bostonreview.net,LEFT,HIGH
dailybreeze.com,CENTER,HIGH
kotatv.com,CENTER,HIGH
myhighplains.com,CENTER,HIGH
telegram.com,CENTER,HIGH
thesaturdaypaper.com.au,LEFT-CENTER,HIGH
newwestrecord.ca,LEFT-CENTER,HIGH
guardian-series.co.uk,CENTER,HIGH
247wallst.com,CENTER,HIGH
huffingtonpost.com,LEFT,MIXED
conservativeplaylist.com,FAR-RIGHT,LOW
seekingalpha.com,RIGHT-CENTER,HIGH
sott.net,RIGHT,LOW
the74million.org,LEFT-CENTER,HIGH
the-scientist.com,LEFT-CENTER,VERY-HIGH
imore.com,RIGHT-CENTER,HIGH
thetowntalk.com,CENTER,HIGH
floridaphoenix.com,LEFT,HIGH
wvnstv.com,CENTER,HIGH
standardmedia.co.ke,RIGHT-CENTER,MIXED
vt.co,CENTER,HIGH
greanvillepost.com,UNKNOWN,MIXED
azcapitoltimes.com,LEFT-CENTER,HIGH
ncpolicywatch.com,LEFT-CENTER,MOSTLY-FACTUAL
hcn.org,LEFT-CENTER,HIGH
sootoday.com,LEFT-CENTER,HIGH
cambridge.org,CENTER,VERY-HIGH
catholicworldreport.com,RIGHT,MIXED
beforeitsnews.com,FAR-RIGHT,LOW
massnews.com,CENTER,HIGH
israel365news.com,RIGHT,MIXED
ijpr.org,LEFT-CENTER,HIGH
wktv.com,CENTER,HIGH
harpers.org,LEFT-CENTER,HIGH
blackhillsfox.com,CENTER,HIGH
biznews.com,RIGHT-CENTER,MIXED
learnliberty.org,RIGHT-CENTER,HIGH
swarajyamag.com,RIGHT,LOW
heritagedaily.com,CENTER,MOSTLY-FACTUAL
nevadacurrent.com,LEFT,HIGH
thebaffler.com,LEFT,HIGH
sueddeutsche.de,LEFT-CENTER,HIGH
truthdig.com,LEFT-CENTER,HIGH
eatthis.com,CENTER,MOSTLY-FACTUAL
aclj.org,RIGHT,MIXED
starherald.com,CENTER,HIGH
rochesterfirst.com,CENTER,HIGH
insideevs.com,LEFT-CENTER,HIGH
crimethinc.com,LEFT,HIGH
vogue.com,LEFT,MOSTLY-FACTUAL
bozemandailychronicle.com,LEFT-CENTER,HIGH
westernslopenow.com,CENTER,HIGH
coloradoan.com,LEFT-CENTER,HIGH
wcnc.com,CENTER,HIGH
lohud.com,CENTER,HIGH
dcclothesline.com,FAR-RIGHT,MOSTLY-FACTUAL
sojo.net,LEFT-CENTER,HIGH
americasquarterly.org,RIGHT-CENTER,HIGH
wgxa.tv,RIGHT-CENTER,HIGH
newsrescue.com,RIGHT-CENTER,MIXED
desertsun.com,RIGHT-CENTER,HIGH
en.protothema.gr,RIGHT,MIXED
miamiindependent.com,FAR-RIGHT,LOW
twincities.com,RIGHT-CENTER,HIGH
nation.com.pk,RIGHT-CENTER,MIXED
wnep.com,CENTER,HIGH
perezhilton.com,LEFT,MIXED
sourcenm.com,LEFT,HIGH
wtva.com,CENTER,HIGH
themesatribune.com,CENTER,HIGH
bipartisanreport.com,UNKNOWN,LOW
battlecreekenquirer.com,LEFT-CENTER,HIGH
sfexaminer.com,LEFT-CENTER,HIGH
telesurtv.net,LEFT,MIXED
lawliberty.org,RIGHT,HIGH
lifezette.com,FAR-RIGHT,MIXED
boston.cbslocal.com,LEFT-CENTER,HIGH
currentargus.com,LEFT-CENTER,HIGH
childrenshealthdefense.org,RIGHT,LOW
americanpurpose.com,LEFT-CENTER,HIGH
truthorfiction.com,CENTER,VERY-HIGH
americanindependent.com,LEFT,MIXED
nhjournal.com,RIGHT-CENTER,MOSTLY-FACTUAL
patriotjournal.org,RIGHT,MIXED
ifstudies.org,RIGHT,MIXED
standard.net,RIGHT-CENTER,HIGH
fox21news.com,CENTER,HIGH
hattiesburgamerican.com,LEFT-CENTER,HIGH
gnews.org,FAR-RIGHT,LOW
english.chosun.com,RIGHT-CENTER,MIXED
cjr.org,LEFT-CENTER,HIGH
statepress.com,LEFT-CENTER,HIGH
heartland.org,RIGHT,LOW
dailyo.in,RIGHT-CENTER,MIXED
georgiarecord.com,FAR-RIGHT,LOW
krqe.com,CENTER,HIGH
newsrnd.com,CENTER,MIXED
ktvl.com,RIGHT-CENTER,HIGH
wgno.com,CENTER,HIGH
iowacapitaldispatch.com,LEFT,MOSTLY-FACTUAL
medicaldaily.com,UNKNOWN,MIXED
wogx.com,CENTER,HIGH
showbiz411.com,LEFT-CENTER,MOSTLY-FACTUAL
rsf.org,CENTER,HIGH
mariettatimes.com,CENTER,HIGH
ipolitics.ca,LEFT-CENTER,HIGH
freedomhouse.org,RIGHT-CENTER,HIGH
pressofatlanticcity.com,CENTER,HIGH
fairvote.org,LEFT-CENTER,HIGH
fosters.com,CENTER,HIGH
capoliticalreview.com,RIGHT-CENTER,MOSTLY-FACTUAL
bigleaguepolitics.com,FAR-RIGHT,LOW
churchmilitant.com,FAR-RIGHT,MIXED
toledoblade.com,RIGHT-CENTER,HIGH
commercialappeal.com,CENTER,HIGH
antiwar.com,RIGHT-CENTER,MIXED
thenewcivilrightsmovement.com,LEFT,MIXED
discernreport.com,FAR-RIGHT,LOW
michiganadvance.com,LEFT,HIGH
koat.com,CENTER,HIGH
actionnetwork.org,LEFT,MOSTLY-FACTUAL
law360.com,CENTER,HIGH
betootaadvocate.com,UNKNOWN,UNKNOWN
wapt.com,CENTER,HIGH
galvnews.com,RIGHT-CENTER,HIGH
english.cctv.com,LEFT-CENTER,MIXED
interfax.ru,RIGHT-CENTER,MIXED
businessday.ng,RIGHT-CENTER,MIXED
egypttoday.com,RIGHT,MIXED
centralfifetimes.com,CENTER,HIGH
westcooknews.com,RIGHT-CENTER,MIXED
yourerie.com,CENTER,HIGH
larouchepac.com,RIGHT,LOW
worldcrunch.com,LEFT-CENTER,HIGH
alreporter.com,CENTER,HIGH
morningbrew.com,LEFT-CENTER,HIGH
ricochet.com,RIGHT,MIXED
darientimes.com,CENTER,HIGH
bustle.com,LEFT-CENTER,MOSTLY-FACTUAL
cnycentral.com,RIGHT-CENTER,HIGH
duffelblog.com,UNKNOWN,UNKNOWN
texasstandard.org,CENTER,HIGH
stcatharinesstandard.ca,LEFT-CENTER,HIGH
marinij.com,CENTER,HIGH
the-leader.com,LEFT-CENTER,HIGH
kristv.com,CENTER,HIGH
discord.com,UNKNOWN,UNKNOWN
politicalflare.com,LEFT,LOW
magicvalley.com,CENTER,HIGH
freethink.com,LEFT-CENTER,HIGH
fitchratings.com,RIGHT-CENTER,HIGH
undark.org,LEFT-CENTER,HIGH
newswire.com,CENTER,HIGH
theprogress.com,LEFT-CENTER,HIGH
thetexan.news,RIGHT,HIGH
kfoxtv.com,RIGHT-CENTER,HIGH
agdaily.com,CENTER,HIGH
wwlp.com,CENTER,HIGH
courierpress.com,LEFT-CENTER,HIGH
chicoer.com,CENTER,HIGH
redstatenation.com,FAR-RIGHT,LOW
themarysue.com,LEFT,MOSTLY-FACTUAL
tnonline.com,RIGHT-CENTER,HIGH
cbo.gov,CENTER,VERY-HIGH
lifehacker.com,LEFT-CENTER,MOSTLY-FACTUAL
fff.org,RIGHT,MIXED
pgpf.org,CENTER,HIGH
ourworldindata.org,LEFT-CENTER,HIGH
inquisitr.com,LEFT-CENTER,MIXED
singularityhub.com,CENTER,HIGH
atlasobscura.com,CENTER,HIGH
hir.harvard.edu,LEFT,HIGH
yaktrinews.com,CENTER,HIGH
idahopress.com,LEFT-CENTER,HIGH
stanforddaily.com,LEFT-CENTER,HIGH
adaderana.lk,LEFT-CENTER,MIXED
25newsnow.com,CENTER,HIGH
newspressnow.com,CENTER,HIGH
dn.se,RIGHT-CENTER,HIGH
america.cgtn.com,LEFT-CENTER,MIXED
longwarjournal.org,RIGHT-CENTER,HIGH
ans.org,LEFT-CENTER,HIGH
modbee.com,CENTER,HIGH
peoplespolicyproject.org,LEFT,MOSTLY-FACTUAL
citizen.org,LEFT-CENTER,HIGH
dorchesterreview.ca,RIGHT,MIXED
unz.com,FAR-RIGHT,LOW
firstthings.com,RIGHT,MIXED
moonofalabama.org,LEFT,LOW
thepublicdiscourse.com,FAR-RIGHT,LOW
christianitytoday.com,RIGHT-CENTER,HIGH
renegadetribune.com,RIGHT,VERY-LOW
leadstories.com,CENTER,VERY-HIGH
medpagetoday.com,CENTER,VERY-HIGH
marginalrevolution.com,RIGHT-CENTER,HIGH
secondnexus.com,LEFT,MIXED
journalistsresource.org,LEFT-CENTER,HIGH
capitalgazette.com,LEFT-CENTER,HIGH
spin.com,LEFT-CENTER,HIGH
ktiv.com,CENTER,HIGH
thenextweb.com,LEFT-CENTER,MOSTLY-FACTUAL
wctrib.com,RIGHT-CENTER,HIGH
hawarnews.com,FAR-LEFT,LOW
dissentmagazine.org,LEFT,HIGH
checkyourfact.com,RIGHT-CENTER,HIGH
geneticliteracyproject.org,CENTER,HIGH
rightandfree.com,RIGHT,MIXED
independent.org,LEFT,MOSTLY-FACTUAL
takimag.com,FAR-RIGHT,LOW
digg.com,LEFT-CENTER,MOSTLY-FACTUAL
coloradopolitics.com,LEFT-CENTER,HIGH
keprtv.com,RIGHT-CENTER,HIGH
defiantamerica.com,FAR-RIGHT,LOW
wonkette.com,LEFT,MIXED
wtol.com,CENTER,HIGH
waaytv.com,CENTER,HIGH
blackenterprise.com,LEFT-CENTER,HIGH
newschannel20.com,RIGHT-CENTER,HIGH
epa.gov,CENTER,HIGH
nebraskaexaminer.com,LEFT,HIGH
mywabashvalley.com,CENTER,HIGH
dmagazine.com,CENTER,HIGH
geekwire.com,CENTER,HIGH
gmfus.org,CENTER,HIGH
redding.com,LEFT-CENTER,HIGH
thetelegraphandargus.co.uk,CENTER,HIGH
coastreporter.net,LEFT-CENTER,HIGH
abc.com,CENTER,HIGH
csis.org,CENTER,VERY-HIGH
newpol.org,LEFT,MIXED
bringmethenews.com,CENTER,HIGH
usasupreme.com,FAR-RIGHT,VERY-LOW
afa.net,FAR-RIGHT,LOW
kmvt.com,CENTER,HIGH
sofrep.com,RIGHT-CENTER,MOSTLY-FACTUAL
wisconsinexaminer.com,LEFT,HIGH
wdtn.com,CENTER,HIGH
fairus.org,FAR-RIGHT,LOW
citizensjournal.us,RIGHT,MIXED
pahomepage.com,CENTER,HIGH
chronicle.com,CENTER,HIGH
commonwealthfund.org,LEFT-CENTER,HIGH
cpj.org,CENTER,HIGH
psmag.com,LEFT-CENTER,HIGH
ktvq.com,CENTER,HIGH
watchers.news,CENTER,MOSTLY-FACTUAL
earthsky.org,CENTER,HIGH
emptywheel.net,LEFT-CENTER,HIGH
thenewsenterprise.com,RIGHT-CENTER,HIGH
indypendent.org,LEFT,HIGH
ahvalnews.com,LEFT-CENTER,MIXED
pogo.org,LEFT-CENTER,HIGH
valuewalk.com,RIGHT-CENTER,MOSTLY-FACTUAL
corbettreport.com,RIGHT,LOW
codepink.org,LEFT,MIXED
newsroom.co.nz,RIGHT-CENTER,HIGH
defendinged.org,RIGHT,MIXED
wthitv.com,CENTER,HIGH
climatedepot.com,RIGHT,MIXED
lavendermagazine.com,LEFT,HIGH
dailypost.ng,CENTER,MOSTLY-FACTUAL
dissidentvoice.org,UNKNOWN,MIXED
jstor.org,LEFT-CENTER,HIGH
freewestmedia.com,RIGHT,MIXED
self.com,LEFT-CENTER,MOSTLY-FACTUAL
moonbattery.com,FAR-RIGHT,LOW
worldpopulationreview.com,CENTER,MOSTLY-FACTUAL
toofab.com,LEFT,MIXED
wng.org,RIGHT,MIXED
downsizinggovernment.org,RIGHT-CENTER,HIGH
chesterstandard.co.uk,CENTER,HIGH
news.amomama.com,CENTER,HIGH
necn.com,CENTER,HIGH
fayobserver.com,CENTER,HIGH
upr.org,LEFT-CENTER,HIGH
wjhg.com,CENTER,HIGH
wevv.com,CENTER,HIGH
columbiatribune.com,LEFT-CENTER,HIGH
fpif.org,LEFT-CENTER,HIGH
972mag.com,LEFT-CENTER,HIGH
independentaustralia.net,LEFT-CENTER,HIGH
dpa-international.com,CENTER,HIGH
egyptianstreets.com,LEFT-CENTER,MIXED
endtimeheadlines.org,RIGHT-CENTER,MOSTLY-FACTUAL
house.gov,CENTER,VERY-HIGH
richmond-news.com,LEFT-CENTER,HIGH
gmwatch.org,UNKNOWN,MIXED
mooresvilletribune.com,CENTER,HIGH
newsguardtech.com,CENTER,HIGH
chalkbeat.org,LEFT-CENTER,HIGH
thirdway.org,CENTER,MOSTLY-FACTUAL
wxow.com,CENTER,HIGH
focusonthefamily.com,FAR-RIGHT,LOW
prepareforchange.net,UNKNOWN,LOW
americanaffairsjournal.org,RIGHT-CENTER,HIGH
investmentwatchblog.com,RIGHT,MIXED
jewishworldreview.com,RIGHT,MIXED
redstatewatcher.com,FAR-RIGHT,LOW
kawc.org,LEFT-CENTER,HIGH
conservativefreepress.com,FAR-RIGHT,LOW
ksnt.com,CENTER,HIGH
greatlakeswire.com,RIGHT-CENTER,MIXED
ff.org,LEFT-CENTER,HIGH
newstarget.com,UNKNOWN,LOW
dailygazette.com,CENTER,HIGH
trentonian.com,CENTER,HIGH
metro.us,LEFT-CENTER,HIGH
austinchronicle.com,LEFT,HIGH
godlikeproductions.com,RIGHT,LOW
4029tv.com,CENTER,HIGH
yourcentralvalley.com,CENTER,HIGH
g.co,CENTER,HIGH
bestlifeonline.com,CENTER,MOSTLY-FACTUAL
chathamhouse.org,CENTER,HIGH
cronkitenews.azpbs.org,LEFT-CENTER,HIGH
nbcpalmsprings.com,LEFT-CENTER,HIGH
citybeat.com,LEFT,HIGH
thetyee.ca,LEFT-CENTER,HIGH
nwahomepage.com,CENTER,HIGH
cheddar.com,LEFT-CENTER,HIGH
ljworld.com,CENTER,HIGH
queerty.com,LEFT,HIGH
edweek.org,LEFT-CENTER,HIGH
webcenterfairbanks.com,CENTER,HIGH
fpri.org,RIGHT-CENTER,HIGH
tovima.gr,RIGHT-CENTER,MIXED
w.w,CENTER,HIGH
berliner-zeitung.de,LEFT-CENTER,MOSTLY-FACTUAL
siouxlandproud.com,CENTER,HIGH
nbc24.com,RIGHT-CENTER,HIGH
pantagraph.com,RIGHT-CENTER,HIGH
ontheissues.org,CENTER,HIGH
newleftreview.org,LEFT,HIGH
crisismagazine.com,RIGHT,MIXED
clarin.com,RIGHT-CENTER,HIGH
shreveporttimes.com,CENTER,HIGH
wqow.com,CENTER,HIGH
shtfplan.com,FAR-RIGHT,LOW
wfsb.com,CENTER,HIGH
europereloaded.com,FAR-RIGHT,LOW
fb.org,RIGHT-CENTER,HIGH
frontiersin.org,CENTER,MOSTLY-FACTUAL
elmundo.es,RIGHT-CENTER,MOSTLY-FACTUAL
deccanchronicle.com,RIGHT-CENTER,MOSTLY-FACTUAL
independent.com,CENTER,HIGH
itemonline.com,LEFT-CENTER,HIGH
piie.com,CENTER,HIGH
btselem.org,LEFT,MOSTLY-FACTUAL
dailycamera.com,CENTER,HIGH
nebraska.tv,RIGHT-CENTER,HIGH
thenewhumanitarian.org,LEFT-CENTER,HIGH
relevantmagazine.com,LEFT-CENTER,HIGH
knau.org,LEFT-CENTER,HIGH
noaa.gov,CENTER,VERY-HIGH
tuscaloosanews.com,LEFT-CENTER,HIGH
thebrunswicknews.com,RIGHT-CENTER,HIGH
politizoom.com,LEFT,MIXED
news.ro,LEFT-CENTER,HIGH
publishedreporter.com,FAR-RIGHT,LOW
healthimpactnews.com,RIGHT,VERY-LOW
internationalviewpoint.org,FAR-LEFT,MIXED
armscontrol.org,LEFT-CENTER,HIGH
boundless.com,LEFT-CENTER,HIGH
1tv.ru,RIGHT-CENTER,MIXED
hotnews.ro,LEFT-CENTER,HIGH
informer.rs,RIGHT,MIXED
wilsoncenter.org,LEFT-CENTER,HIGH
finextra.com,CENTER,HIGH
princegeorgecitizen.com,LEFT-CENTER,HIGH
prri.org,CENTER,VERY-HIGH
pastemagazine.com,LEFT,HIGH
diply.com,LEFT-CENTER,MIXED
nationalvanguard.org,FAR-RIGHT,VERY-LOW
en.granma.cu,FAR-LEFT,MIXED
informationliberation.com,FAR-RIGHT,LOW
pnas.org,CENTER,VERY-HIGH
billmoyers.com,LEFT,MOSTLY-FACTUAL
kenoshanews.com,LEFT-CENTER,HIGH
concordmonitor.com,CENTER,HIGH
lansingstatejournal.com,CENTER,HIGH
flagandcross.com,FAR-RIGHT,MIXED
mynbc5.com,CENTER,HIGH
rare.us,RIGHT,MIXED
littlethings.com,LEFT,MIXED
humanprogress.org,RIGHT-CENTER,MOSTLY-FACTUAL
charismanews.com,RIGHT,MIXED
biologicaldiversity.org,LEFT,HIGH
eonline.com,CENTER,MOSTLY-FACTUAL
thetrace.org,LEFT-CENTER,HIGH
courttv.com,CENTER,HIGH
cei.org,UNKNOWN,LOW
fox10tv.com,CENTER,HIGH
refinery29.com,LEFT,MOSTLY-FACTUAL
newsherald.com,LEFT-CENTER,HIGH
agerpres.ro,CENTER,HIGH
billingsgazette.com,RIGHT-CENTER,HIGH
dailyfreeman.com,CENTER,HIGH
defconwarningsystem.com,CENTER,HIGH
brproud.com,CENTER,HIGH
dailypress.com,CENTER,HIGH
kcbx.org,LEFT-CENTER,HIGH
yna.co.kr,RIGHT-CENTER,MOSTLY-FACTUAL
the-japan-news.com,RIGHT-CENTER,HIGH
health.com,LEFT-CENTER,MIXED
villagevoice.com,LEFT,HIGH
bossip.com,UNKNOWN,MIXED
lethbridgeherald.com,LEFT-CENTER,HIGH
kivitv.com,CENTER,HIGH
chicagoreader.com,LEFT,HIGH
glamour.com,LEFT-CENTER,HIGH
wandtv.com,CENTER,HIGH
conservativechoicecampaign.com,FAR-RIGHT,LOW
bipartisanpolicy.org,RIGHT-CENTER,MOSTLY-FACTUAL
retractionwatch.com,CENTER,HIGH
brandnewtube.com,RIGHT,VERY-LOW
anthropocenemagazine.org,LEFT-CENTER,HIGH
trumptrainnews.com,FAR-RIGHT,MIXED
crisisgroup.org,LEFT-CENTER,VERY-HIGH
usawatchdog.com,RIGHT,LOW
tahoedailytribune.com,CENTER,HIGH
kbjr6.com,CENTER,HIGH
desantisdaily.com,FAR-RIGHT,MIXED
gp.se,RIGHT-CENTER,MOSTLY-FACTUAL
penncapital-star.com,LEFT,MOSTLY-FACTUAL
windsorstar.com,RIGHT-CENTER,HIGH
brighteon.com,FAR-RIGHT,VERY-LOW
daily-times.com,RIGHT-CENTER,HIGH
wolfstreet.com,CENTER,HIGH
newsandtribune.com,LEFT-CENTER,HIGH
wtxl.com,CENTER,HIGH
who13.com,CENTER,HIGH
upworthy.com,LEFT,MOSTLY-FACTUAL
georgiarecorder.com,LEFT,HIGH
damemagazine.com,LEFT,HIGH
tvp.info,RIGHT,MIXED
a.co,CENTER,HIGH
thepeterboroughexaminer.com,LEFT-CENTER,HIGH
capecodtimes.com,CENTER,HIGH
aip.org,CENTER,VERY-HIGH
quantamagazine.org,CENTER,VERY-HIGH
kiiitv.com,CENTER,HIGH
digi24.ro,CENTER,HIGH
freedomnews.org.uk,LEFT,HIGH
znetwork.org,LEFT,HIGH
readsludge.com,LEFT,HIGH
healthdata.org,CENTER,HIGH
ilgiornale.it,RIGHT-CENTER,MOSTLY-FACTUAL
thenationalherald.com,RIGHT,MIXED
eurotopics.net,CENTER,MOSTLY-FACTUAL
elfinanciero.com.mx,RIGHT-CENTER,MOSTLY-FACTUAL
wri.org,LEFT-CENTER,HIGH
ccn.com,RIGHT-CENTER,HIGH
doctorswithoutborders.org,CENTER,HIGH
kpax.com,CENTER,HIGH
kdrv.com,CENTER,HIGH
anglenews.com,RIGHT-CENTER,MIXED
sasktoday.ca,LEFT-CENTER,HIGH
redpepper.org.uk,LEFT,HIGH
naturalnews.com,FAR-RIGHT,VERY-LOW
idahostatejournal.com,RIGHT-CENTER,HIGH
realrawnews.com,UNKNOWN,UNKNOWN
noqreport.com,FAR-RIGHT,LOW
vidmax.com,FAR-RIGHT,LOW
ualrpublicradio.org,LEFT-CENTER,HIGH
newspapers.com,CENTER,HIGH
africanarguments.org,LEFT-CENTER,HIGH
iowastartingline.com,LEFT,HIGH
voice-online.co.uk,LEFT,MOSTLY-FACTUAL
thejewishvoice.com,FAR-RIGHT,MIXED
themanhattan.press,FAR-RIGHT,LOW
offgridsurvival.com,RIGHT,MIXED
kxlh.com,CENTER,HIGH
ncnewsonline.com,LEFT-CENTER,HIGH
revcom.us,LEFT,MIXED
bestnewshere.com,RIGHT,VERY-LOW
fitsnews.com,RIGHT,MOSTLY-FACTUAL
centerforsecuritypolicy.org,FAR-RIGHT,MIXED
thehighwire.com,UNKNOWN,LOW
outsidethebeltway.com,LEFT-CENTER,HIGH
americansforprosperity.org,RIGHT,MIXED
asian-dawn.com,RIGHT,MIXED
thetruereporter.com,RIGHT,LOW
coreysdigs.com,RIGHT,LOW
dollarcollapse.com,RIGHT,MIXED
durangoherald.com,RIGHT-CENTER,HIGH
dallasexpress.com,RIGHT,MIXED
humansarefree.com,RIGHT,LOW
conservativewoman.co.uk,RIGHT,MIXED
guampdn.com,CENTER,HIGH
beliefnet.com,RIGHT,MIXED
awarenessact.com,UNKNOWN,LOW
krtv.com,CENTER,HIGH
iharare.com,LEFT,MIXED
everydayfeminism.com,LEFT,MIXED
insidephilanthropy.com,LEFT-CENTER,HIGH
apa.org,CENTER,VERY-HIGH
westernmassnews.com,CENTER,HIGH
mychamplainvalley.com,CENTER,HIGH
gunviolencearchive.org,LEFT-CENTER,HIGH
newsadvance.com,CENTER,HIGH
berkshireeagle.com,LEFT-CENTER,HIGH
vindy.com,CENTER,HIGH
nrdc.org,LEFT,MOSTLY-FACTUAL
post-journal.com,RIGHT-CENTER,HIGH
wearethemighty.com,CENTER,HIGH
voachinese.com,CENTER,HIGH
newint.org,LEFT-CENTER,HIGH
as.com,CENTER,MOSTLY-FACTUAL
borgenmagazine.com,LEFT-CENTER,HIGH
archaeology.org,CENTER,HIGH
eurasiagroup.net,LEFT-CENTER,HIGH
valdostadailytimes.com,LEFT-CENTER,HIGH
chaser.com.au,LEFT,UNKNOWN
canarymedia.com,LEFT-CENTER,HIGH
presstelegram.com,CENTER,HIGH
nationalmemo.com,LEFT,MOSTLY-FACTUAL
qctimes.com,CENTER,HIGH
futurity.org,CENTER,MOSTLY-FACTUAL
beinglibertarian.com,RIGHT-CENTER,MIXED
sentinelandenterprise.com,CENTER,HIGH
theday.com,LEFT-CENTER,HIGH
bt.com,CENTER,HIGH
workers.org,FAR-LEFT,MIXED
news.gab.com,FAR-RIGHT,LOW
newswars.com,FAR-RIGHT,LOW
weaselzippers.us,RIGHT,MIXED
shawlocal.com,CENTER,HIGH
clashdaily.com,FAR-RIGHT,LOW
imprimis.hillsdale.edu,RIGHT,MIXED
orangeobserver.com,CENTER,HIGH
heraldtimesonline.com,LEFT-CENTER,HIGH
survivalblog.com,FAR-RIGHT,LOW
renewedright.com,FAR-RIGHT,MIXED
ranker.com,CENTER,MIXED
dailycitizen.focusonthefamily.com,FAR-RIGHT,LOW
thepostemail.com,RIGHT,MIXED
21stcenturywire.com,RIGHT,MIXED
rstreet.org,RIGHT-CENTER,HIGH
muscatinejournal.com,CENTER,HIGH
aim.org,RIGHT,MIXED
standardspeaker.com,CENTER,HIGH
ghionjournal.com,LEFT,MOSTLY-FACTUAL
itsgoingdown.org,LEFT,MIXED
binghamtonhomepage.com,CENTER,HIGH
dailynewsreported.com,UNKNOWN,UNKNOWN
worldpoliticsreview.com,LEFT-CENTER,HIGH
hilltimes.com,LEFT-CENTER,HIGH
menarehuman.com,RIGHT,MIXED
detroit.cbslocal.com,LEFT-CENTER,HIGH
biography.com,CENTER,HIGH
wqad.com,CENTER,HIGH
ozarksfirst.com,CENTER,HIGH
localmemphis.com,CENTER,HIGH
sungazette.com,RIGHT-CENTER,HIGH
diversityinc.com,LEFT-CENTER,HIGH
securingdemocracy.gmfus.org,CENTER,HIGH
arirang.com,CENTER,HIGH
wbtw.com,CENTER,HIGH
wellandgood.com,LEFT,MIXED
ksn.com,CENTER,HIGH
sgvtribune.com,CENTER,HIGH
dailysentinel.com,RIGHT-CENTER,HIGH
djournal.com,CENTER,HIGH
emerging-europe.com,LEFT-CENTER,MOSTLY-FACTUAL
thebureauinvestigates.com,LEFT-CENTER,HIGH
southernminn.com,LEFT-CENTER,HIGH
positive.news,LEFT-CENTER,HIGH
arte.tv,LEFT-CENTER,MOSTLY-FACTUAL
israel21c.org,LEFT-CENTER,HIGH
palmerreport.com,LEFT,MIXED
criticalthreats.org,RIGHT-CENTER,MOSTLY-FACTUAL
lalibre.be,CENTER,HIGH
phnompenhpost.com,LEFT,MIXED
wyborcza.pl,LEFT-CENTER,HIGH
belfercenter.org,LEFT-CENTER,HIGH
qudsnen.co,LEFT-CENTER,LOW
wearechange.org,RIGHT,MIXED
thereporteronline.com,CENTER,HIGH
israelunwired.com,FAR-RIGHT,LOW
dailytorch.com,RIGHT,HIGH
acsh.org,RIGHT-CENTER,HIGH
nationaljournal.com,CENTER,HIGH
lincolnproject.us,LEFT-CENTER,MIXED
americafirstpolicy.com,RIGHT,MIXED
occupydemocrats.com,FAR-LEFT,LOW
thetrumpet.com,RIGHT,MIXED
represent.us,LEFT-CENTER,HIGH
theskimm.com,LEFT-CENTER,HIGH
shelbycountyreporter.com,RIGHT-CENTER,HIGH
halifax.citynews.ca,CENTER,HIGH
allnewspipeline.com,RIGHT-CENTER,LOW
basnews.com,LEFT,MIXED
news-gazette.com,RIGHT-CENTER,HIGH
getreligion.org,RIGHT,MOSTLY-FACTUAL
americasfreedomfighters.com,FAR-RIGHT,LOW
journaltimes.com,CENTER,HIGH
fox47news.com,CENTER,HIGH
stateofthenation.co,UNKNOWN,LOW
timesgazette.com,CENTER,HIGH
usareally.com,RIGHT,VERY-LOW
capitalresearch.org,RIGHT,MIXED
parler.com,FAR-RIGHT,LOW
theeagle.com,CENTER,HIGH
creativedestructionmedia.com,FAR-RIGHT,LOW
notrickszone.com,RIGHT,LOW
newsfactsnetwork.com,CENTER,VERY-HIGH
auburnpub.com,CENTER,HIGH
erlc.com,RIGHT,MIXED
usrtk.org,UNKNOWN,MIXED
nwfdailynews.com,CENTER,HIGH
thehornnews.com,FAR-RIGHT,LOW
yaliberty.org,FAR-RIGHT,LOW
fox16.com,CENTER,HIGH
lacrossetribune.com,CENTER,HIGH
nbc29.com,CENTER,HIGH
wtov9.com,RIGHT-CENTER,HIGH
metrowestdailynews.com,CENTER,HIGH
modernhealthcare.com,CENTER,HIGH
newamerica.org,LEFT-CENTER,HIGH
commoncause.org,LEFT-CENTER,HIGH
cgtn.com,LEFT-CENTER,MIXED
skyhinews.com,CENTER,HIGH
goodmenproject.com,LEFT,HIGH
lesoleil.com,LEFT-CENTER,HIGH
menshealth.com,LEFT-CENTER,MOSTLY-FACTUAL
bt.dk,RIGHT-CENTER,MOSTLY-FACTUAL
ports.com,LEFT-CENTER,MIXED
niskanencenter.org,LEFT-CENTER,HIGH
delta-optimist.com,LEFT-CENTER,HIGH
azdailysun.com,LEFT-CENTER,HIGH
tri-cityherald.com,CENTER,HIGH
pressreader.com,CENTER,MOSTLY-FACTUAL
discovermagazine.com,CENTER,HIGH
mypanhandle.com,CENTER,HIGH
factwire.org,CENTER,HIGH
everythinglubbock.com,CENTER,HIGH
dailyinterlake.com,CENTER,HIGH
worldometers.info,CENTER,HIGH
nbc26.com,CENTER,HIGH
delmarvanow.com,LEFT-CENTER,HIGH
antihate.ca,LEFT,HIGH
lesoir.be,CENTER,HIGH
ktsm.com,CENTER,HIGH
bocapost.com,CENTER,HIGH
dirt.com,LEFT-CENTER,HIGH
therepublic.com,CENTER,HIGH
wtap.com,CENTER,HIGH
macrotrends.net,CENTER,MOSTLY-FACTUAL
defensescoop.com,CENTER,HIGH
punchbowl.news,CENTER,HIGH
cantonrep.com,LEFT-CENTER,HIGH
gaycitynews.com,LEFT,HIGH
aapsonline.org,FAR-RIGHT,LOW
barenakedislam.com,FAR-RIGHT,LOW
openvaers.com,RIGHT,MIXED
worldsocialism.org,LEFT,MIXED
cracked.com,UNKNOWN,UNKNOWN
westhawaiitoday.com,LEFT-CENTER,HIGH
democracychronicles.org,LEFT,MOSTLY-FACTUAL
fairobserver.com,LEFT-CENTER,HIGH
liberation.fr,LEFT-CENTER,HIGH
geopoliticalmonitor.com,LEFT-CENTER,MOSTLY-FACTUAL
caravanmagazine.in,LEFT-CENTER,MOSTLY-FACTUAL
knowyourmeme.com,CENTER,HIGH
logically.ai,CENTER,HIGH
politics.com,CENTER,HIGH
tribunecontentagency.com,CENTER,HIGH
opednews.com,LEFT,MIXED
wifr.com,CENTER,HIGH
chieftain.com,LEFT-CENTER,HIGH
goerie.com,CENTER,HIGH
aspeniaonline.it,LEFT-CENTER,HIGH
inequalitymedia.org,LEFT,HIGH
oregoncapitalchronicle.com,LEFT,HIGH
demos.org,LEFT-CENTER,HIGH
vnews.com,RIGHT-CENTER,HIGH
bluestatebluesnews.com,FAR-RIGHT,MIXED
myfoxzone.com,CENTER,HIGH
nextbigfuture.com,CENTER,HIGH
truthbasedmedia.com,FAR-RIGHT,VERY-LOW
roguereview.net,FAR-RIGHT,LOW
thenewatlantis.com,RIGHT-CENTER,HIGH
unicornriot.ninja,LEFT,HIGH
scarymommy.com,LEFT,MIXED
vladtv.com,LEFT-CENTER,MIXED
cancer.org,CENTER,VERY-HIGH
defenddemocracy.press,LEFT,MIXED
jesus-is-savior.com,RIGHT,VERY-LOW
pantsonfirenews.com,FAR-RIGHT,MIXED
micdroppolitics.com,FAR-RIGHT,LOW
blabber.buzz,RIGHT,MIXED
rationalground.com,RIGHT,MIXED
remnantnewspaper.com,FAR-RIGHT,LOW
hudson.org,RIGHT,HIGH
postregister.com,CENTER,HIGH
foxreno.com,RIGHT-CENTER,HIGH
americanactionnews.com,RIGHT,MIXED
gopdailybrief.com,RIGHT,MIXED
amg-news.com,RIGHT,VERY-LOW
ksnblocal4.com,CENTER,HIGH
t.co,CENTER,HIGH
niagara-gazette.com,LEFT-CENTER,HIGH
prophecynewswatch.com,RIGHT,LOW
wbko.com,CENTER,HIGH
listverse.com,RIGHT-CENTER,MOSTLY-FACTUAL
the-journal.com,CENTER,HIGH
c4ss.org,LEFT,MOSTLY-FACTUAL
eppc.org,RIGHT,MIXED
hiawathaworldonline.com,CENTER,HIGH
hechingerreport.org,LEFT-CENTER,HIGH
fightthenewdrug.org,RIGHT,MIXED
psychcentral.com,CENTER,HIGH
graphy.com,CENTER,HIGH
thetandd.com,CENTER,HIGH
theodysseyonline.com,LEFT-CENTER,MIXED
wnem.com,CENTER,HIGH
abc.es,RIGHT-CENTER,HIGH
wdio.com,CENTER,HIGH
jacksonsun.com,LEFT-CENTER,HIGH
news.com,CENTER,HIGH
kilgorenewsherald.com,LEFT-CENTER,HIGH
derstandard.at,LEFT-CENTER,HIGH
stacker.com,CENTER,HIGH
call,CENTER,HIGH
abcstlouis.com,RIGHT-CENTER,HIGH
pjstar.com,CENTER,HIGH
projectcensored.org,LEFT,HIGH
coasttocoastam.com,UNKNOWN,LOW
dailycommercial.com,LEFT-CENTER,HIGH
neweurope.eu,LEFT-CENTER,HIGH
rollingout.com,LEFT-CENTER,MIXED
needtoknow.news,UNKNOWN,LOW
alamogordonews.com,LEFT-CENTER,HIGH
ama-assn.org,CENTER,HIGH
siouxcityjournal.com,LEFT-CENTER,HIGH
wabi.tv,CENTER,HIGH
disclose.tv,RIGHT,MIXED
blacklivesmatter.com,LEFT,MIXED
catchnews.com,LEFT-CENTER,MOSTLY-FACTUAL
theindependent.com,CENTER,HIGH
spotlightpa.org,CENTER,HIGH
nationofchange.org,LEFT,MOSTLY-FACTUAL
lobservateur.com,RIGHT-CENTER,HIGH
socialmediatoday.com,CENTER,HIGH
wdhn.com,CENTER,HIGH
georgetown.edu,LEFT-CENTER,HIGH
worldcouncilforhealth.org,RIGHT,VERY-LOW
hopkinsmedicine.org,CENTER,VERY-HIGH
nature.org,LEFT-CENTER,HIGH
santacruzsentinel.com,CENTER,HIGH
warroom.org,FAR-RIGHT,VERY-LOW
jordantimes.com,CENTER,MIXED
russia,CENTER,HIGH
breakingfirst.com,FAR-RIGHT,VERY-LOW
wnyc.org,LEFT-CENTER,HIGH
stopfake.org,LEFT-CENTER,HIGH
chronicle.su,UNKNOWN,UNKNOWN
ted.com,CENTER,HIGH
wellandtribune.ca,LEFT-CENTER,HIGH
greenpeace.org,LEFT,MIXED
surreynowleader.com,LEFT-CENTER,HIGH
tech.co,CENTER,HIGH
xtramagazine.com,LEFT,HIGH
calgarysun.com,RIGHT-CENTER,MOSTLY-FACTUAL
patriotnewsfeed.com,RIGHT,MIXED
business2community.com,CENTER,MOSTLY-FACTUAL
https,CENTER,HIGH
publico.es,LEFT-CENTER,HIGH
mg.co.za,LEFT,MIXED
caixinglobal.com,RIGHT-CENTER,MIXED
laconiadailysun.com,LEFT-CENTER,HIGH
africacheck.org,CENTER,VERY-HIGH
countytimes.co.uk,CENTER,HIGH
mcsweeneys.net,UNKNOWN,UNKNOWN
ottumwacourier.com,LEFT-CENTER,HIGH
capitolfax.com,CENTER,HIGH
beholdisrael.org,RIGHT,MIXED
americanactionforum.org,RIGHT-CENTER,MOSTLY-FACTUAL
fedsoc.org,RIGHT,MIXED
elpasotimes.com,LEFT-CENTER,HIGH
iowaclimate.org,RIGHT,LOW
lozierinstitute.org,RIGHT,MIXED
fredericknewspost.com,CENTER,HIGH
sourcewatch.org,LEFT,MOSTLY-FACTUAL
thelist.com,LEFT-CENTER,MOSTLY-FACTUAL
democracyjournal.org,LEFT,HIGH
vote.org,LEFT-CENTER,HIGH
thetimes-tribune.com,CENTER,HIGH
poststar.com,CENTER,HIGH
niagarafallsreview.ca,LEFT-CENTER,HIGH
homelandsecuritynewswire.com,CENTER,HIGH
muskokaregion.com,LEFT-CENTER,HIGH
wlsam.com,RIGHT,MIXED
anh-usa.org,UNKNOWN,MIXED
educationnext.org,RIGHT-CENTER,MOSTLY-FACTUAL
transparency.org,CENTER,VERY-HIGH
mediapart.fr,LEFT-CENTER,HIGH
granma.cu,FAR-LEFT,MIXED
columbia.edu,LEFT-CENTER,HIGH
sfbayview.com,LEFT,MOSTLY-FACTUAL
fifthestate.org,LEFT,HIGH
oyez.org,CENTER,HIGH
nworeport.me,RIGHT,VERY-LOW
drudge.com,LEFT,MIXED
geoengineeringwatch.org,UNKNOWN,LOW
steadfastclash.com,RIGHT,MIXED
electroverse.net,UNKNOWN,LOW
amren.com,FAR-RIGHT,LOW
newsblaze.com,FAR-RIGHT,MIXED
conservapedia.com,FAR-RIGHT,MIXED
newsammo.com,FAR-RIGHT,MIXED
patrioticviralnews.com,FAR-RIGHT,LOW
concernedwomen.org,FAR-RIGHT,LOW
thevaccinereaction.org,UNKNOWN,LOW
commonwealmagazine.org,LEFT-CENTER,HIGH
columbusfreepress.com,LEFT,MIXED
enfieldindependent.co.uk,CENTER,HIGH
nujournal.com,CENTER,HIGH
bnc.tv,LEFT,MOSTLY-FACTUAL
timesherald.com,CENTER,HIGH
source.co,CENTER,HIGH
waow.com,CENTER,HIGH
strategypage.com,CENTER,HIGH
oneangrygamer.net,RIGHT,MIXED
foxchattanooga.com,RIGHT-CENTER,HIGH
kcby.com,RIGHT-CENTER,HIGH
northdeltareporter.com,LEFT-CENTER,HIGH
mindbodygreen.com,UNKNOWN,MIXED
thedodo.com,LEFT,MOSTLY-FACTUAL
everydayhealth.com,CENTER,HIGH
post.com,CENTER,HIGH
news.co.uk,CENTER,HIGH
dailysoundandfury.com,LEFT,MIXED
infoplease.com,LEFT-CENTER,HIGH
kagstv.com,CENTER,HIGH
sturgisjournal.com,LEFT-CENTER,HIGH
globalriskinsights.com,LEFT-CENTER,HIGH
sapiens.org,LEFT-CENTER,HIGH
thefiscaltimes.com,RIGHT-CENTER,HIGH
scoopwhoop.com,LEFT-CENTER,MIXED
historynewsnetwork.org,LEFT-CENTER,HIGH
illegalaliencrimereport.com,FAR-RIGHT,MIXED
usaspending.gov,CENTER,VERY-HIGH
hj,LEFT-CENTER,HIGH
thecalifornian.com,LEFT-CENTER,HIGH
bradenton.com,CENTER,HIGH
icandecide.org,UNKNOWN,LOW
tontimes.com,CENTER,HIGH
innerstrength.zone,UNKNOWN,MIXED
gastongazette.com,LEFT-CENTER,HIGH
localdvm.com,CENTER,HIGH
palmbeachdailynews.com,LEFT-CENTER,HIGH
cenlanow.com,CENTER,HIGH
rumormillnews.com,RIGHT,VERY-LOW
edp24.co.uk,CENTER,HIGH
us.blastingnews.com,CENTER,HIGH
nationalinsiders.com,FAR-RIGHT,LOW
thewetumpkaherald.com,RIGHT-CENTER,HIGH
nypost,RIGHT-CENTER,MIXED
upmatters.com,CENTER,HIGH
ctpublic.org,LEFT-CENTER,HIGH
wnewsj.com,RIGHT-CENTER,HIGH
montreal.citynews.ca,CENTER,HIGH
coastmountainnews.com,LEFT-CENTER,HIGH
cell.com,CENTER,HIGH
bucyrustelegraphforum.com,LEFT-CENTER,HIGH
wrex.com,CENTER,HIGH
thenewsstar.com,LEFT-CENTER,HIGH
rockwallheraldbanner.com,LEFT-CENTER,HIGH
ebar.com,LEFT,HIGH
poughkeepsiejournal.com,LEFT-CENTER,HIGH
s.com,CENTER,HIGH
z.com,CENTER,HIGH
ok.com,CENTER,HIGH
gaia.com,UNKNOWN,LOW
fullfact.org,CENTER,HIGH
mauinews.com,LEFT-CENTER,HIGH
theringer.com,LEFT-CENTER,HIGH
ge.com,CENTER,HIGH
distractify.com,LEFT-CENTER,MIXED
no.com,CENTER,HIGH
smartnews.com,CENTER,MIXED
yoursun.com,CENTER,HIGH
n.pr,RIGHT,MIXED
yomiuri.co.jp,RIGHT-CENTER,HIGH
wikipedia.org,CENTER,MIXED
tni.org,RIGHT-CENTER,MOSTLY-FACTUAL
themillenniumreport.com,FAR-RIGHT,LOW
bucksfreepress.co.uk,CENTER,HIGH
thebeaverton.com,UNKNOWN,UNKNOWN
comparitech.com,CENTER,HIGH
euters.com,CENTER,VERY-HIGH
winnipegfreepress.com,CENTER,HIGH
www.wsj.com,RIGHT-CENTER,MOSTLY-FACTUAL
newshounds.us,LEFT,MIXED
polygraph.info,CENTER,HIGH
airwars.org,CENTER,HIGH
err.ee,CENTER,HIGH
conchovalleyhomepage.com,CENTER,HIGH
educate-yourself.org,UNKNOWN,VERY-LOW
camera.org,RIGHT,MOSTLY-FACTUAL
mountainviewtoday.ca,LEFT-CENTER,HIGH
dorsetecho.co.uk,CENTER,HIGH
aad.org,LEFT,HIGH
worcesternews.co.uk,CENTER,HIGH
thedailystar.com,LEFT-CENTER,HIGH
aap.com.au,CENTER,HIGH
telegraaf.nl,RIGHT,MOSTLY-FACTUAL
redrightpatriot.com,RIGHT,MIXED
steadfastdaily.com,RIGHT,MIXED
lefigaro.fr,RIGHT-CENTER,HIGH
nrc.nl,LEFT-CENTER,HIGH
24ur.com,CENTER,MOSTLY-FACTUAL
patriotnewsalerts.com,RIGHT,MIXED
volkskrant.nl,RIGHT-CENTER,HIGH
xyz.com,CENTER,HIGH
news.net,CENTER,HIGH
parade.com,LEFT-CENTER,HIGH
www.th,CENTER,HIGH
treehugger.com,LEFT,HIGH
industantimes.com,LEFT-CENTER,MIXED
uardian.com,LEFT-CENTER,MIXED
nik.com,LEFT-CENTER,HIGH
dailytrust.com,LEFT-CENTER,MOSTLY-FACTUAL
www.se,LEFT-CENTER,HIGH
diepresse.com,RIGHT-CENTER,HIGH
academia.org,RIGHT,MIXED
junkee.com,LEFT,MOSTLY-FACTUAL
protothema.gr,RIGHT,MIXED
lakecountygazette.com,RIGHT-CENTER,MIXED
whistleblower.org,LEFT-CENTER,HIGH
youm7.com,RIGHT-CENTER,MIXED
democrat.com,CENTER,HIGH
themichiganstar.com,RIGHT,MIXED
unlimitedhangout.com,RIGHT,MIXED
adfontesmedia.com,CENTER,HIGH
fb.com,CENTER,HIGH
delcotimes.com,CENTER,HIGH
highlandsnews.com,RIGHT-CENTER,MIXED
think.com,CENTER,HIGH
www.com,LEFT,HIGH
play,FAR-RIGHT,LOW
carolinapublicpress.org,LEFT-CENTER,HIGH
putin,CENTER,MOSTLY-FACTUAL
cecildaily.com,CENTER,HIGH
nowtoronto.com,LEFT,HIGH
dallasvoice.com,LEFT,HIGH
filtermag.org,LEFT-CENTER,MOSTLY-FACTUAL
express.com,CENTER,HIGH
gov.com,CENTER,HIGH
freakonomics.com,LEFT-CENTER,HIGH
w.com,CENTER,HIGH
timescall.com,CENTER,HIGH
trofire.com,LEFT,MIXED
religionandpolitics.org,LEFT-CENTER,HIGH
dailymontanan.com,LEFT,HIGH
reflector.com,LEFT,HIGH
ab.co,LEFT-CENTER,HIGH
abovetopsecret.com,RIGHT,LOW
us.gov,CENTER,HIGH
x22report.com,FAR-RIGHT,LOW
psychiatrictimes.com,CENTER,HIGH
aspentimes.com,CENTER,HIGH
kiplinger.com,CENTER,HIGH
target.com,UNKNOWN,LOW
franciscanmedia.org,LEFT-CENTER,MOSTLY-FACTUAL
communityimpact.com,CENTER,HIGH
earthjustice.org,LEFT-CENTER,HIGH
uscourts.gov,CENTER,HIGH
vaccineimpact.com,RIGHT,VERY-LOW
psychiatry.org,LEFT-CENTER,HIGH
fwweekly.com,LEFT-CENTER,HIGH
theunionjournal.com,CENTER,LOW
qconline.com,CENTER,HIGH
thevarsity.ca,LEFT-CENTER,HIGH
alaskabeacon.com,LEFT,HIGH
clickhole.com,UNKNOWN,UNKNOWN
heraldmailmedia.com,LEFT-CENTER,HIGH
com.us,LEFT,MIXED
thedickinsonpress.com,RIGHT-CENTER,HIGH
m.com,CENTER,HIGH
www.ma,CENTER,HIGH
t.com,CENTER,HIGH
dailytarheel.com,LEFT-CENTER,HIGH
njherald.com,LEFT-CENTER,HIGH
libertarianism.org,RIGHT-CENTER,HIGH
starexponent.com,CENTER,HIGH
jamestownsun.com,RIGHT-CENTER,HIGH
therighting.com,LEFT-CENTER,HIGH
theduran.com,FAR-RIGHT,LOW
peta.org,LEFT,MIXED
d.co.uk,CENTER,HIGH
mtstandard.com,CENTER,HIGH
thefranklinnewspost.com,CENTER,HIGH
alligator.org,LEFT,HIGH
thebreakthrough.org,RIGHT-CENTER,HIGH
mitchellrepublic.com,RIGHT-CENTER,HIGH
dupagepolicyjournal.com,RIGHT-CENTER,MIXED
kearneyhub.com,CENTER,HIGH
youthrights.org,LEFT-CENTER,HIGH
theoaklandpress.com,CENTER,HIGH
h.co.uk,CENTER,HIGH
explainamerica.com,RIGHT,MOSTLY-FACTUAL
kunc.org,LEFT-CENTER,HIGH
towleroad.com,LEFT,HIGH
justfacts.com,RIGHT-CENTER,MOSTLY-FACTUAL
science.com,LEFT-CENTER,HIGH
ronpaullibertyreport.com,RIGHT,MIXED
newsandsentinel.com,RIGHT-CENTER,HIGH
swprs.org,RIGHT,MIXED
thehawkeye.com,LEFT-CENTER,HIGH
vigilantcitizen.com,RIGHT,LOW
edmontonsun.com,RIGHT-CENTER,HIGH
southafricatoday.net,RIGHT,MIXED
jconline.com,LEFT-CENTER,HIGH
2news.com,CENTER,HIGH
burnabynow.com,LEFT-CENTER,HIGH
populationconnection.org,LEFT,HIGH
mitchelladvocate.com,RIGHT-CENTER,HIGH
onegreenplanet.org,LEFT,MIXED
winnipeg.citynews.ca,CENTER,HIGH
climatecentral.org,LEFT-CENTER,HIGH
lanacion.com.ar,RIGHT-CENTER,HIGH
mensjournal.com,LEFT-CENTER,MOSTLY-FACTUAL
macombdaily.com,CENTER,HIGH
washingtonexaminer.com,RIGHT,MIXED
lawandcrime.com,LEFT-CENTER,HIGH
whitehouse.gov,LEFT-CENTER,MOSTLY-FACTUAL
asahi.com,LEFT-CENTER,HIGH
independent.ie,RIGHT-CENTER,MOSTLY-FACTUAL
wftv.com,CENTER,HIGH
hurriyetdailynews.com,RIGHT,MIXED
jns.org,RIGHT-CENTER,HIGH
clarionledger.com,LEFT-CENTER,HIGH
calgaryherald.com,RIGHT-CENTER,HIGH
ronpaulinstitute.org,RIGHT,MIXED
globalvoices.org,LEFT,HIGH
nst.com.my,CENTER,MOSTLY-FACTUAL
mercatus.org,RIGHT-CENTER,HIGH
davidicke.com,UNKNOWN,VERY-LOW
electronicintifada.net,LEFT,MOSTLY-FACTUAL
wjcl.com,CENTER,HIGH
elle.com,LEFT,MOSTLY-FACTUAL
fox4now.com,CENTER,HIGH
ncsl.org,CENTER,HIGH
nraila.org,RIGHT,MIXED
lucianne.com,RIGHT,MIXED
nakedcapitalism.com,LEFT-CENTER,HIGH
floridadaily.com,RIGHT,MIXED
newspress.com,RIGHT,MIXED
timesheraldonline.com,CENTER,HIGH
news.climate.columbia.edu,LEFT-CENTER,HIGH
lailluminator.com,LEFT,HIGH
ballot-access.org,CENTER,HIGH
constitutioncenter.org,CENTER,HIGH
wcia.com,CENTER,HIGH
ktre.com,CENTER,HIGH
lehighvalleylive.com,LEFT-CENTER,HIGH
allthatsinteresting.com,LEFT-CENTER,MOSTLY-FACTUAL
wate.com,CENTER,HIGH
weareiowa.com,CENTER,HIGH
rep-am.com,RIGHT-CENTER,HIGH
texomashomepage.com,CENTER,HIGH
agweb.com,RIGHT-CENTER,HIGH
greenbaypressgazette.com,CENTER,HIGH
yesmagazine.org,LEFT,HIGH
pulse.ng,LEFT-CENTER,MIXED
barrheadnews.com,CENTER,HIGH
chinadigitaltimes.net,RIGHT-CENTER,MOSTLY-FACTUAL
worldisraelnews.com,RIGHT,MOSTLY-FACTUAL
honestreporting.com,RIGHT-CENTER,MOSTLY-FACTUAL
magazine.atavist.com,LEFT-CENTER,VERY-HIGH
theshovel.com.au,LEFT,UNKNOWN
wacotrib.com,CENTER,HIGH
conservativeundergroundnews.com,FAR-RIGHT,MIXED
journal-news.net,RIGHT-CENTER,HIGH
dailynorthwestern.com,CENTER,HIGH
naacp.org,LEFT,HIGH